model,target,train_n,test_n,last_training_label_date,first_test_execution_date,last_test_execution_date,rmse_pct,direction_accuracy,always_up_accuracy,ridge_penalty,evaluation_year
zero_return,next_session_open_to_close_log_return,721,246,2022-12-30,2023-01-02,2023-12-29,1.8729161953972446,0.5365853658536586,0.4634146341463415,10,2023
train_mean,next_session_open_to_close_log_return,721,246,2022-12-30,2023-01-02,2023-12-29,1.8739951149637735,0.5365853658536586,0.4634146341463415,10,2023
NALCO_only,next_session_open_to_close_log_return,721,246,2022-12-30,2023-01-02,2023-12-29,1.873367462466732,0.5528455284552846,0.4634146341463415,10,2023
NALCO_LME_DXY,next_session_open_to_close_log_return,721,246,2022-12-30,2023-01-02,2023-12-29,1.9136447156469276,0.5609756097560976,0.4634146341463415,10,2023
NALCO_all_external,next_session_open_to_close_log_return,721,246,2022-12-30,2023-01-02,2023-12-29,1.9281388700151787,0.5528455284552846,0.4634146341463415,10,2023
zero_return,next_session_open_to_close_log_return,967,249,2023-12-29,2024-01-01,2024-12-31,2.8632021141056057,0.5502008032128514,0.4497991967871486,10,2024
train_mean,next_session_open_to_close_log_return,967,249,2023-12-29,2024-01-01,2024-12-31,2.8549862476217958,0.5502008032128514,0.4497991967871486,10,2024
NALCO_only,next_session_open_to_close_log_return,967,249,2023-12-29,2024-01-01,2024-12-31,2.8333621089993133,0.5622489959839357,0.4497991967871486,10,2024
NALCO_LME_DXY,next_session_open_to_close_log_return,967,249,2023-12-29,2024-01-01,2024-12-31,2.846484886886748,0.5542168674698795,0.4497991967871486,10,2024
NALCO_all_external,next_session_open_to_close_log_return,967,249,2023-12-29,2024-01-01,2024-12-31,2.8350782221718682,0.5421686746987951,0.4497991967871486,10,2024
zero_return,next_session_open_to_close_log_return,1216,249,2024-12-31,2025-01-01,2025-12-31,2.1813534354235853,0.4979919678714859,0.5020080321285141,10,2025
train_mean,next_session_open_to_close_log_return,1216,249,2024-12-31,2025-01-01,2025-12-31,2.1871692089275023,0.4979919678714859,0.5020080321285141,10,2025
NALCO_only,next_session_open_to_close_log_return,1216,249,2024-12-31,2025-01-01,2025-12-31,2.185965598966646,0.5100401606425703,0.5020080321285141,10,2025
NALCO_LME_DXY,next_session_open_to_close_log_return,1216,249,2024-12-31,2025-01-01,2025-12-31,2.1850903586794597,0.5261044176706827,0.5020080321285141,10,2025
NALCO_all_external,next_session_open_to_close_log_return,1216,249,2024-12-31,2025-01-01,2025-12-31,2.189270366041232,0.5823293172690763,0.5020080321285141,10,2025
zero_return,next_session_open_to_close_log_return,1465,65,2025-12-31,2026-01-01,2026-04-08,2.7326665996038986,0.4153846153846154,0.5846153846153846,10,2026
train_mean,next_session_open_to_close_log_return,1465,65,2025-12-31,2026-01-01,2026-04-08,2.759634254145482,0.4153846153846154,0.5846153846153846,10,2026
NALCO_only,next_session_open_to_close_log_return,1465,65,2025-12-31,2026-01-01,2026-04-08,2.765472207654042,0.4461538461538462,0.5846153846153846,10,2026
NALCO_LME_DXY,next_session_open_to_close_log_return,1465,65,2025-12-31,2026-01-01,2026-04-08,2.758506389967944,0.5076923076923077,0.5846153846153846,10,2026
NALCO_all_external,next_session_open_to_close_log_return,1465,65,2025-12-31,2026-01-01,2026-04-08,2.7565443345806644,0.5076923076923077,0.5846153846153846,10,2026
