model,decision_date,target_date,actual,prediction
zero_return,2024-12-31,2025-01-01,0.014014525838172684,0.0
zero_return,2025-01-01,2025-01-02,0.007648664012171,0.0
zero_return,2025-01-02,2025-01-03,-0.04028338795931776,0.0
zero_return,2025-01-03,2025-01-06,-0.03882079313195429,0.0
zero_return,2025-01-06,2025-01-07,0.02150514925754211,0.0
zero_return,2025-01-07,2025-01-08,-0.0029314072193538975,0.0
zero_return,2025-01-08,2025-01-09,-0.01879156508781405,0.0
zero_return,2025-01-09,2025-01-10,0.010237131592904231,0.0
zero_return,2025-01-10,2025-01-13,-0.03411899497819723,0.0
zero_return,2025-01-13,2025-01-14,0.03530078345084895,0.0
zero_return,2025-01-14,2025-01-15,-0.028731369645886334,0.0
zero_return,2025-01-15,2025-01-16,0.003176766910329171,0.0
zero_return,2025-01-16,2025-01-17,0.042386173325936014,0.0
zero_return,2025-01-17,2025-01-20,0.01966490227583768,0.0
zero_return,2025-01-20,2025-01-21,-0.024321828258809776,0.0
zero_return,2025-01-21,2025-01-22,-0.012505047675716892,0.0
zero_return,2025-01-22,2025-01-23,0.008784829555732811,0.0
zero_return,2025-01-23,2025-01-24,-0.011741817876683287,0.0
zero_return,2025-01-24,2025-01-27,-0.015278214563320307,0.0
zero_return,2025-01-27,2025-01-28,-0.04619139768627755,0.0
zero_return,2025-01-28,2025-01-29,0.019751026377671777,0.0
zero_return,2025-01-29,2025-01-30,-0.010148710344557488,0.0
zero_return,2025-01-30,2025-01-31,0.04159695189516458,0.0
zero_return,2025-01-31,2025-02-01,-0.02401573269714212,0.0
zero_return,2025-02-01,2025-02-03,-0.023310835725119272,0.0
zero_return,2025-02-03,2025-02-04,0.020527823820462452,0.0
zero_return,2025-02-04,2025-02-05,0.013819758956328627,0.0
zero_return,2025-02-05,2025-02-06,-0.01941613230285387,0.0
zero_return,2025-02-06,2025-02-07,0.01756064145310009,0.0
zero_return,2025-02-07,2025-02-10,-0.048229196298179476,0.0
zero_return,2025-02-10,2025-02-11,-0.06407471821821162,0.0
zero_return,2025-02-11,2025-02-12,0.030674460206366813,0.0
zero_return,2025-02-12,2025-02-13,0.006707917406908922,0.0
zero_return,2025-02-13,2025-02-14,-0.04405192106555058,0.0
zero_return,2025-02-14,2025-02-17,-0.0002212878964550946,0.0
zero_return,2025-02-17,2025-02-18,-0.007600380543789166,0.0
zero_return,2025-02-18,2025-02-19,0.0521714354869422,0.0
zero_return,2025-02-19,2025-02-20,0.03913163948826564,0.0
zero_return,2025-02-20,2025-02-21,0.04273915870127967,0.0
zero_return,2025-02-21,2025-02-24,-0.03967111883032618,0.0
zero_return,2025-02-24,2025-02-25,-0.04721118664428582,0.0
zero_return,2025-02-25,2025-02-27,-0.007719901715024238,0.0
zero_return,2025-02-27,2025-02-28,0.004458120868071645,0.0
zero_return,2025-02-28,2025-03-03,0.006431249972079907,0.0
zero_return,2025-03-03,2025-03-04,0.013379254047114217,0.0
zero_return,2025-03-04,2025-03-05,0.055335921551462094,0.0
zero_return,2025-03-05,2025-03-06,0.004106141583595947,0.0
zero_return,2025-03-06,2025-03-07,0.012425081870978474,0.0
zero_return,2025-03-07,2025-03-10,-0.03679091656626317,0.0
zero_return,2025-03-10,2025-03-11,0.025140765286129223,0.0
zero_return,2025-03-11,2025-03-12,0.0028232360468433875,0.0
zero_return,2025-03-12,2025-03-13,-0.021588875540270922,0.0
zero_return,2025-03-13,2025-03-17,-0.018049388048637826,0.0
zero_return,2025-03-17,2025-03-18,0.00932469790962389,0.0
zero_return,2025-03-18,2025-03-19,-0.023962130374192613,0.0
zero_return,2025-03-19,2025-03-20,0.014642014366121985,0.0
zero_return,2025-03-20,2025-03-21,-0.025176303794518944,0.0
zero_return,2025-03-21,2025-03-24,-0.0008550663197333875,0.0
zero_return,2025-03-24,2025-03-25,-0.0398251511082518,0.0
zero_return,2025-03-25,2025-03-26,-0.007337442591337955,0.0
zero_return,2025-03-26,2025-03-27,0.004540239295026435,0.0
zero_return,2025-03-27,2025-03-28,-0.01918469943551603,0.0
zero_return,2025-03-28,2025-04-01,0.0016557713109412444,0.0
zero_return,2025-04-01,2025-04-02,-0.0051528798317411525,0.0
zero_return,2025-04-02,2025-04-03,-0.0012733693912539315,0.0
zero_return,2025-04-03,2025-04-04,-0.082137969738649,0.0
zero_return,2025-04-04,2025-04-07,0.011748892489082828,0.0
zero_return,2025-04-07,2025-04-08,-0.027446899837009122,0.0
zero_return,2025-04-08,2025-04-09,-0.0010451141867499967,0.0
zero_return,2025-04-09,2025-04-11,-0.042914483251947376,0.0
zero_return,2025-04-11,2025-04-15,0.0453256929252592,0.0
zero_return,2025-04-15,2025-04-16,-0.005144790716152513,0.0
zero_return,2025-04-16,2025-04-17,0.011181384580412424,0.0
zero_return,2025-04-17,2025-04-21,0.0389109909716002,0.0
zero_return,2025-04-21,2025-04-22,-0.020630854203624555,0.0
zero_return,2025-04-22,2025-04-23,0.010981281054520764,0.0
zero_return,2025-04-23,2025-04-24,0.0032763606101981293,0.0
zero_return,2025-04-24,2025-04-25,-0.0391592711084707,0.0
zero_return,2025-04-25,2025-04-28,0.01811517962849264,0.0
zero_return,2025-04-28,2025-04-29,-0.018233765146291873,0.0
zero_return,2025-04-29,2025-04-30,-0.007195879109812848,0.0
zero_return,2025-04-30,2025-05-02,0.01742578345204998,0.0
zero_return,2025-05-02,2025-05-05,0.0021781755507966176,0.0
zero_return,2025-05-05,2025-05-06,-0.037199739589461905,0.0
zero_return,2025-05-06,2025-05-07,0.04048509567094714,0.0
zero_return,2025-05-07,2025-05-08,-0.026254949835293414,0.0
zero_return,2025-05-08,2025-05-09,0.03794634060920655,0.0
zero_return,2025-05-09,2025-05-12,0.03960196368330269,0.0
zero_return,2025-05-12,2025-05-13,-0.02660605926696677,0.0
zero_return,2025-05-13,2025-05-14,0.041626005954530615,0.0
zero_return,2025-05-14,2025-05-15,0.025869379978417095,0.0
zero_return,2025-05-15,2025-05-16,-0.004560947122107173,0.0
zero_return,2025-05-16,2025-05-19,0.02747226513488315,0.0
zero_return,2025-05-19,2025-05-20,-0.027158966760317513,0.0
zero_return,2025-05-20,2025-05-21,0.00939752631874435,0.0
zero_return,2025-05-21,2025-05-22,-0.026938553882023243,0.0
zero_return,2025-05-22,2025-05-23,-0.014365424983424654,0.0
zero_return,2025-05-23,2025-05-26,-0.007923197687457828,0.0
zero_return,2025-05-26,2025-05-27,-0.008700703332698257,0.0
zero_return,2025-05-27,2025-05-28,0.004758397689554344,0.0
zero_return,2025-05-28,2025-05-29,-0.005864482489640278,0.0
zero_return,2025-05-29,2025-05-30,-0.018676730743398134,0.0
zero_return,2025-05-30,2025-06-02,0.009839699146008163,0.0
zero_return,2025-06-02,2025-06-03,0.006058955467736518,0.0
zero_return,2025-06-03,2025-06-04,0.002849941641787482,0.0
zero_return,2025-06-04,2025-06-05,-0.0019170209896568842,0.0
zero_return,2025-06-05,2025-06-06,0.029452690187115476,0.0
zero_return,2025-06-06,2025-06-09,-0.015159033062513563,0.0
zero_return,2025-06-09,2025-06-10,0.01821390563249155,0.0
zero_return,2025-06-10,2025-06-11,-0.00519672569218934,0.0
zero_return,2025-06-11,2025-06-12,-0.02121043204497912,0.0
zero_return,2025-06-12,2025-06-13,0.014538609124760685,0.0
zero_return,2025-06-13,2025-06-16,0.010854850854182004,0.0
zero_return,2025-06-16,2025-06-17,-0.015327202517658662,0.0
zero_return,2025-06-17,2025-06-18,0.0015587629805624995,0.0
zero_return,2025-06-18,2025-06-19,-0.02588105283896469,0.0
zero_return,2025-06-19,2025-06-20,0.016384377040176316,0.0
zero_return,2025-06-20,2025-06-23,0.03772194309522411,0.0
zero_return,2025-06-23,2025-06-24,-0.004994096330634054,0.0
zero_return,2025-06-24,2025-06-25,-0.016150665091710915,0.0
zero_return,2025-06-25,2025-06-26,0.02452474610839412,0.0
zero_return,2025-06-26,2025-06-27,-0.0268847293835104,0.0
zero_return,2025-06-27,2025-06-30,0.005098601128890074,0.0
zero_return,2025-06-30,2025-07-01,-0.016316466966884543,0.0
zero_return,2025-07-01,2025-07-02,0.007355083886295004,0.0
zero_return,2025-07-02,2025-07-03,-0.00389358051913221,0.0
zero_return,2025-07-03,2025-07-04,0.00041655819399537015,0.0
zero_return,2025-07-04,2025-07-07,-0.0180791133999059,0.0
zero_return,2025-07-07,2025-07-08,0.00485617211920758,0.0
zero_return,2025-07-08,2025-07-09,-0.018883037602198095,0.0
zero_return,2025-07-09,2025-07-10,0.010373812940911192,0.0
zero_return,2025-07-10,2025-07-11,0.006087090384431047,0.0
zero_return,2025-07-11,2025-07-14,0.0024836855846284756,0.0
zero_return,2025-07-14,2025-07-15,0.005105408599888536,0.0
zero_return,2025-07-15,2025-07-16,-0.013103854416350756,0.0
zero_return,2025-07-16,2025-07-17,0.0006347191580911288,0.0
zero_return,2025-07-17,2025-07-18,-0.008315505663542142,0.0
zero_return,2025-07-18,2025-07-21,0.020413101304586328,0.0
zero_return,2025-07-21,2025-07-22,0.005046010859770747,0.0
zero_return,2025-07-22,2025-07-23,0.0029828885334132094,0.0
zero_return,2025-07-23,2025-07-24,0.004080712985336842,0.0
zero_return,2025-07-24,2025-07-25,-0.024130746171295576,0.0
zero_return,2025-07-25,2025-07-28,-0.030949231250013587,0.0
zero_return,2025-07-28,2025-07-29,0.011559596346684542,0.0
zero_return,2025-07-29,2025-07-30,-0.016272587621592716,0.0
zero_return,2025-07-30,2025-07-31,0.00032427174255932544,0.0
zero_return,2025-07-31,2025-08-01,-0.015648912344660645,0.0
zero_return,2025-08-01,2025-08-04,0.03501880224958407,0.0
zero_return,2025-08-04,2025-08-05,0.0013894086561562842,0.0
zero_return,2025-08-05,2025-08-06,0.0018572078246917375,0.0
zero_return,2025-08-06,2025-08-07,0.008201755106887821,0.0
zero_return,2025-08-07,2025-08-08,-0.0147774199377017,0.0
zero_return,2025-08-08,2025-08-11,-0.007084483781449581,0.0
zero_return,2025-08-11,2025-08-12,-0.0029444064206930343,0.0
zero_return,2025-08-12,2025-08-13,0.012929387404340928,0.0
zero_return,2025-08-13,2025-08-14,-0.01250281173401398,0.0
zero_return,2025-08-14,2025-08-18,-0.0014856478564236394,0.0
zero_return,2025-08-18,2025-08-19,0.013736696620785523,0.0
zero_return,2025-08-19,2025-08-20,0.005215951737838302,0.0
zero_return,2025-08-20,2025-08-21,-0.003909411010024586,0.0
zero_return,2025-08-21,2025-08-22,-0.01173790353847254,0.0
zero_return,2025-08-22,2025-08-25,0.0026820241682482806,0.0
zero_return,2025-08-25,2025-08-26,-0.018534829708160106,0.0
zero_return,2025-08-26,2025-08-28,-0.00545078119040414,0.0
zero_return,2025-08-28,2025-08-29,0.0010210388613083262,0.0
zero_return,2025-08-29,2025-09-01,0.021023456672582624,0.0
zero_return,2025-09-01,2025-09-02,0.04346848946116067,0.0
zero_return,2025-09-02,2025-09-03,0.02745932749639936,0.0
zero_return,2025-09-03,2025-09-04,-0.011210933691596845,0.0
zero_return,2025-09-04,2025-09-05,0.02452764081195513,0.0
zero_return,2025-09-05,2025-09-08,-0.011521517572472747,0.0
zero_return,2025-09-08,2025-09-09,-0.019126724532092486,0.0
zero_return,2025-09-09,2025-09-10,0.009030274151012634,0.0
zero_return,2025-09-10,2025-09-11,0.019546130343589495,0.0
zero_return,2025-09-11,2025-09-12,0.01430243526826892,0.0
zero_return,2025-09-12,2025-09-15,-0.010781651936822421,0.0
zero_return,2025-09-15,2025-09-16,-0.0023991891179816673,0.0
zero_return,2025-09-16,2025-09-17,-0.015124657162258118,0.0
zero_return,2025-09-17,2025-09-18,0.0014041659222656523,0.0
zero_return,2025-09-18,2025-09-19,0.002839566508077739,0.0
zero_return,2025-09-19,2025-09-22,-0.004021484851041827,0.0
zero_return,2025-09-22,2025-09-23,-0.009815678942377264,0.0
zero_return,2025-09-23,2025-09-24,-0.009273188885319517,0.0
zero_return,2025-09-24,2025-09-25,-0.0038348630768974836,0.0
zero_return,2025-09-25,2025-09-26,-0.02471936392094771,0.0
zero_return,2025-09-26,2025-09-29,0.014373811967580788,0.0
zero_return,2025-09-29,2025-09-30,0.046268448067081726,0.0
zero_return,2025-09-30,2025-10-01,-0.0013976242666379726,0.0
zero_return,2025-10-01,2025-10-03,0.030576683101660625,0.0
zero_return,2025-10-03,2025-10-06,-0.022314222757280407,0.0
zero_return,2025-10-06,2025-10-07,-0.003816359782903368,0.0
zero_return,2025-10-07,2025-10-08,0.024765283149603537,0.0
zero_return,2025-10-08,2025-10-09,0.01824426908955515,0.0
zero_return,2025-10-09,2025-10-10,-0.02509486739703264,0.0
zero_return,2025-10-10,2025-10-13,0.010616095064084417,0.0
zero_return,2025-10-13,2025-10-14,-0.014146263708265529,0.0
zero_return,2025-10-14,2025-10-15,0.012212875235322336,0.0
zero_return,2025-10-15,2025-10-16,-0.0007050943355754267,0.0
zero_return,2025-10-16,2025-10-17,-0.007691665539920328,0.0
zero_return,2025-10-17,2025-10-20,0.0027024050115646786,0.0
zero_return,2025-10-20,2025-10-21,0.0015406627896167816,0.0
zero_return,2025-10-21,2025-10-23,-0.0009632646657520917,0.0
zero_return,2025-10-23,2025-10-24,0.008934328733765774,0.0
zero_return,2025-10-24,2025-10-27,0.00029432169573581954,0.0
zero_return,2025-10-27,2025-10-28,-0.0046773361298929296,0.0
zero_return,2025-10-28,2025-10-29,0.0004200798213424005,0.0
zero_return,2025-10-29,2025-10-30,0.0020181641562371953,0.0
zero_return,2025-10-30,2025-10-31,-0.007488759362103096,0.0
zero_return,2025-10-31,2025-11-03,0.0069798038063785175,0.0
zero_return,2025-11-03,2025-11-04,-0.020074092711010003,0.0
zero_return,2025-11-04,2025-11-06,-0.011555339200232623,0.0
zero_return,2025-11-06,2025-11-07,0.029090288486355045,0.0
zero_return,2025-11-07,2025-11-10,0.06505673641579007,0.0
zero_return,2025-11-10,2025-11-11,0.02925771078273987,0.0
zero_return,2025-11-11,2025-11-12,0.00544653426420161,0.0
zero_return,2025-11-12,2025-11-13,0.006235202309194348,0.0
zero_return,2025-11-13,2025-11-14,-0.0023964863020528755,0.0
zero_return,2025-11-14,2025-11-17,-0.006650637975339856,0.0
zero_return,2025-11-17,2025-11-18,-0.006585342411839229,0.0
zero_return,2025-11-18,2025-11-19,-0.0015576327136836285,0.0
zero_return,2025-11-19,2025-11-20,-0.0034100629805419547,0.0
zero_return,2025-11-20,2025-11-21,-0.02092209107117088,0.0
zero_return,2025-11-21,2025-11-24,0.0015945152066862635,0.0
zero_return,2025-11-24,2025-11-25,0.007787062295329607,0.0
zero_return,2025-11-25,2025-11-26,0.01043460643480414,0.0
zero_return,2025-11-26,2025-11-27,0.006641991668975153,0.0
zero_return,2025-11-27,2025-11-28,-0.010217642420097334,0.0
zero_return,2025-11-28,2025-12-01,-0.0011365790198723255,0.0
zero_return,2025-12-01,2025-12-02,-0.0032006051985602048,0.0
zero_return,2025-12-02,2025-12-03,0.002630097326754126,0.0
zero_return,2025-12-03,2025-12-04,0.00465333552564135,0.0
zero_return,2025-12-04,2025-12-05,0.014380778805228622,0.0
zero_return,2025-12-05,2025-12-08,-0.020470977646194464,0.0
zero_return,2025-12-08,2025-12-09,-0.003382190371817936,0.0
zero_return,2025-12-09,2025-12-10,-0.007575793808457656,0.0
zero_return,2025-12-10,2025-12-11,-0.0026450043759786704,0.0
zero_return,2025-12-11,2025-12-12,0.04184864633943948,0.0
zero_return,2025-12-12,2025-12-15,0.0035945401751486293,0.0
zero_return,2025-12-15,2025-12-16,-0.0016241093527560714,0.0
zero_return,2025-12-16,2025-12-17,0.005202272025070122,0.0
zero_return,2025-12-17,2025-12-18,-0.0007159477663969937,0.0
zero_return,2025-12-18,2025-12-19,-0.0035842332278151613,0.0
zero_return,2025-12-19,2025-12-22,0.03256020169683856,0.0
zero_return,2025-12-22,2025-12-23,-0.0030970430811272983,0.0
zero_return,2025-12-23,2025-12-24,0.011237986481595314,0.0
zero_return,2025-12-24,2025-12-26,0.029265542329701712,0.0
zero_return,2025-12-26,2025-12-29,-0.029794313843192453,0.0
zero_return,2025-12-29,2025-12-30,0.060545660941507415,0.0
zero_return,2025-12-30,2025-12-31,-0.011860659321291324,0.0
zero_return,2025-12-31,2026-01-01,-0.0028566913570903392,0.0
zero_return,2026-01-01,2026-01-02,0.043626407621372404,0.0
zero_return,2026-01-02,2026-01-05,-0.0036210057669522934,0.0
zero_return,2026-01-05,2026-01-06,0.039116882374284095,0.0
zero_return,2026-01-06,2026-01-07,0.005118009465741897,0.0
zero_return,2026-01-07,2026-01-08,-0.04255961441879589,0.0
zero_return,2026-01-08,2026-01-09,0.05068104715660702,0.0
zero_return,2026-01-09,2026-01-12,-0.005555174174890461,0.0
zero_return,2026-01-12,2026-01-13,0.012387545792030809,0.0
zero_return,2026-01-13,2026-01-14,0.0397294759335313,0.0
zero_return,2026-01-14,2026-01-16,-0.012777531813255591,0.0
zero_return,2026-01-16,2026-01-19,0.015444850170808782,0.0
zero_return,2026-01-19,2026-01-20,-0.023540215630399403,0.0
zero_return,2026-01-20,2026-01-21,0.020823895501036305,0.0
zero_return,2026-01-21,2026-01-22,0.004398027979711973,0.0
zero_return,2026-01-22,2026-01-23,0.01030517594272545,0.0
zero_return,2026-01-23,2026-01-27,0.023812215022658706,0.0
zero_return,2026-01-27,2026-01-28,0.044944312759341166,0.0
zero_return,2026-01-28,2026-01-29,0.0403266059943955,0.0
zero_return,2026-01-29,2026-01-30,-0.07121291584941547,0.0
zero_return,2026-01-30,2026-02-01,0.0033936684154364134,0.0
zero_return,2026-02-01,2026-02-02,0.06307894307484564,0.0
zero_return,2026-02-02,2026-02-03,-0.05009262780598444,0.0
zero_return,2026-02-03,2026-02-04,0.007899887104515974,0.0
zero_return,2026-02-04,2026-02-05,0.010637663342939887,0.0
zero_return,2026-02-05,2026-02-06,-0.0037993432039348175,0.0
zero_return,2026-02-06,2026-02-09,0.01921408201253204,0.0
zero_return,2026-02-09,2026-02-10,-0.0009489596048676997,0.0
zero_return,2026-02-10,2026-02-11,-0.0010872520777491638,0.0
zero_return,2026-02-11,2026-02-12,0.00596854728969486,0.0
zero_return,2026-02-12,2026-02-13,-0.030172879637369383,0.0
zero_return,2026-02-13,2026-02-16,0.006912469920623361,0.0
zero_return,2026-02-16,2026-02-17,-0.01065159264491889,0.0
zero_return,2026-02-17,2026-02-18,0.010371870058921866,0.0
zero_return,2026-02-18,2026-02-19,-0.022962787761324547,0.0
zero_return,2026-02-19,2026-02-20,0.009422920134505188,0.0
zero_return,2026-02-20,2026-02-23,-0.017691813154385116,0.0
zero_return,2026-02-23,2026-02-24,0.010551094365814029,0.0
zero_return,2026-02-24,2026-02-25,0.03622354156957352,0.0
zero_return,2026-02-25,2026-02-26,-0.006345724149729259,0.0
zero_return,2026-02-26,2026-02-27,-0.007445423169869183,0.0
zero_return,2026-02-27,2026-03-02,0.05961748136434297,0.0
zero_return,2026-03-02,2026-03-04,0.023020650990380455,0.0
zero_return,2026-03-04,2026-03-05,0.04904275320841062,0.0
zero_return,2026-03-05,2026-03-06,0.010531087620788323,0.0
zero_return,2026-03-06,2026-03-09,-0.020151172879619914,0.0
zero_return,2026-03-09,2026-03-10,-0.0032102756302482102,0.0
zero_return,2026-03-10,2026-03-11,0.014561827427433706,0.0
zero_return,2026-03-11,2026-03-12,0.013905349263387145,0.0
zero_return,2026-03-12,2026-03-13,-0.05353036688422702,0.0
zero_return,2026-03-13,2026-03-16,-0.031727710854586914,0.0
zero_return,2026-03-16,2026-03-17,0.049676296261089804,0.0
zero_return,2026-03-17,2026-03-18,-0.01115896912549452,0.0
zero_return,2026-03-18,2026-03-19,0.0,0.0
zero_return,2026-03-19,2026-03-20,-0.0014914245866701316,0.0
zero_return,2026-03-20,2026-03-23,-0.021916748588471844,0.0
zero_return,2026-03-23,2026-03-24,-0.010936732680488162,0.0
zero_return,2026-03-24,2026-03-25,0.020908602124043402,0.0
zero_return,2026-03-25,2026-03-27,0.0176755111587224,0.0
zero_return,2026-03-27,2026-03-30,0.015925150549759168,0.0
zero_return,2026-03-30,2026-04-01,0.007538671209642994,0.0
zero_return,2026-04-01,2026-04-02,0.01466651172441258,0.0
zero_return,2026-04-02,2026-04-06,0.014696158291434178,0.0
zero_return,2026-04-06,2026-04-07,0.009149194653588082,0.0
zero_return,2026-04-07,2026-04-08,-0.0364390434176432,0.0
train_mean,2024-12-31,2025-01-01,0.014014525838172684,-0.0015515526303012748
train_mean,2025-01-01,2025-01-02,0.007648664012171,-0.0015515526303012748
train_mean,2025-01-02,2025-01-03,-0.04028338795931776,-0.0015515526303012748
train_mean,2025-01-03,2025-01-06,-0.03882079313195429,-0.0015515526303012748
train_mean,2025-01-06,2025-01-07,0.02150514925754211,-0.0015515526303012748
train_mean,2025-01-07,2025-01-08,-0.0029314072193538975,-0.0015515526303012748
train_mean,2025-01-08,2025-01-09,-0.01879156508781405,-0.0015515526303012748
train_mean,2025-01-09,2025-01-10,0.010237131592904231,-0.0015515526303012748
train_mean,2025-01-10,2025-01-13,-0.03411899497819723,-0.0015515526303012748
train_mean,2025-01-13,2025-01-14,0.03530078345084895,-0.0015515526303012748
train_mean,2025-01-14,2025-01-15,-0.028731369645886334,-0.0015515526303012748
train_mean,2025-01-15,2025-01-16,0.003176766910329171,-0.0015515526303012748
train_mean,2025-01-16,2025-01-17,0.042386173325936014,-0.0015515526303012748
train_mean,2025-01-17,2025-01-20,0.01966490227583768,-0.0015515526303012748
train_mean,2025-01-20,2025-01-21,-0.024321828258809776,-0.0015515526303012748
train_mean,2025-01-21,2025-01-22,-0.012505047675716892,-0.0015515526303012748
train_mean,2025-01-22,2025-01-23,0.008784829555732811,-0.0015515526303012748
train_mean,2025-01-23,2025-01-24,-0.011741817876683287,-0.0015515526303012748
train_mean,2025-01-24,2025-01-27,-0.015278214563320307,-0.0015515526303012748
train_mean,2025-01-27,2025-01-28,-0.04619139768627755,-0.0015515526303012748
train_mean,2025-01-28,2025-01-29,0.019751026377671777,-0.0015515526303012748
train_mean,2025-01-29,2025-01-30,-0.010148710344557488,-0.0015515526303012748
train_mean,2025-01-30,2025-01-31,0.04159695189516458,-0.0015515526303012748
train_mean,2025-01-31,2025-02-01,-0.02401573269714212,-0.0015515526303012748
train_mean,2025-02-01,2025-02-03,-0.023310835725119272,-0.0015515526303012748
train_mean,2025-02-03,2025-02-04,0.020527823820462452,-0.0015515526303012748
train_mean,2025-02-04,2025-02-05,0.013819758956328627,-0.0015515526303012748
train_mean,2025-02-05,2025-02-06,-0.01941613230285387,-0.0015515526303012748
train_mean,2025-02-06,2025-02-07,0.01756064145310009,-0.0015515526303012748
train_mean,2025-02-07,2025-02-10,-0.048229196298179476,-0.0015515526303012748
train_mean,2025-02-10,2025-02-11,-0.06407471821821162,-0.0015515526303012748
train_mean,2025-02-11,2025-02-12,0.030674460206366813,-0.0015515526303012748
train_mean,2025-02-12,2025-02-13,0.006707917406908922,-0.0015515526303012748
train_mean,2025-02-13,2025-02-14,-0.04405192106555058,-0.0015515526303012748
train_mean,2025-02-14,2025-02-17,-0.0002212878964550946,-0.0015515526303012748
train_mean,2025-02-17,2025-02-18,-0.007600380543789166,-0.0015515526303012748
train_mean,2025-02-18,2025-02-19,0.0521714354869422,-0.0015515526303012748
train_mean,2025-02-19,2025-02-20,0.03913163948826564,-0.0015515526303012748
train_mean,2025-02-20,2025-02-21,0.04273915870127967,-0.0015515526303012748
train_mean,2025-02-21,2025-02-24,-0.03967111883032618,-0.0015515526303012748
train_mean,2025-02-24,2025-02-25,-0.04721118664428582,-0.0015515526303012748
train_mean,2025-02-25,2025-02-27,-0.007719901715024238,-0.0015515526303012748
train_mean,2025-02-27,2025-02-28,0.004458120868071645,-0.0015515526303012748
train_mean,2025-02-28,2025-03-03,0.006431249972079907,-0.0015515526303012748
train_mean,2025-03-03,2025-03-04,0.013379254047114217,-0.0015515526303012748
train_mean,2025-03-04,2025-03-05,0.055335921551462094,-0.0015515526303012748
train_mean,2025-03-05,2025-03-06,0.004106141583595947,-0.0015515526303012748
train_mean,2025-03-06,2025-03-07,0.012425081870978474,-0.0015515526303012748
train_mean,2025-03-07,2025-03-10,-0.03679091656626317,-0.0015515526303012748
train_mean,2025-03-10,2025-03-11,0.025140765286129223,-0.0015515526303012748
train_mean,2025-03-11,2025-03-12,0.0028232360468433875,-0.0015515526303012748
train_mean,2025-03-12,2025-03-13,-0.021588875540270922,-0.0015515526303012748
train_mean,2025-03-13,2025-03-17,-0.018049388048637826,-0.0015515526303012748
train_mean,2025-03-17,2025-03-18,0.00932469790962389,-0.0015515526303012748
train_mean,2025-03-18,2025-03-19,-0.023962130374192613,-0.0015515526303012748
train_mean,2025-03-19,2025-03-20,0.014642014366121985,-0.0015515526303012748
train_mean,2025-03-20,2025-03-21,-0.025176303794518944,-0.0015515526303012748
train_mean,2025-03-21,2025-03-24,-0.0008550663197333875,-0.0015515526303012748
train_mean,2025-03-24,2025-03-25,-0.0398251511082518,-0.0015515526303012748
train_mean,2025-03-25,2025-03-26,-0.007337442591337955,-0.0015515526303012748
train_mean,2025-03-26,2025-03-27,0.004540239295026435,-0.0015515526303012748
train_mean,2025-03-27,2025-03-28,-0.01918469943551603,-0.0015515526303012748
train_mean,2025-03-28,2025-04-01,0.0016557713109412444,-0.0015515526303012748
train_mean,2025-04-01,2025-04-02,-0.0051528798317411525,-0.0015515526303012748
train_mean,2025-04-02,2025-04-03,-0.0012733693912539315,-0.0015515526303012748
train_mean,2025-04-03,2025-04-04,-0.082137969738649,-0.0015515526303012748
train_mean,2025-04-04,2025-04-07,0.011748892489082828,-0.0015515526303012748
train_mean,2025-04-07,2025-04-08,-0.027446899837009122,-0.0015515526303012748
train_mean,2025-04-08,2025-04-09,-0.0010451141867499967,-0.0015515526303012748
train_mean,2025-04-09,2025-04-11,-0.042914483251947376,-0.0015515526303012748
train_mean,2025-04-11,2025-04-15,0.0453256929252592,-0.0015515526303012748
train_mean,2025-04-15,2025-04-16,-0.005144790716152513,-0.0015515526303012748
train_mean,2025-04-16,2025-04-17,0.011181384580412424,-0.0015515526303012748
train_mean,2025-04-17,2025-04-21,0.0389109909716002,-0.0015515526303012748
train_mean,2025-04-21,2025-04-22,-0.020630854203624555,-0.0015515526303012748
train_mean,2025-04-22,2025-04-23,0.010981281054520764,-0.0015515526303012748
train_mean,2025-04-23,2025-04-24,0.0032763606101981293,-0.0015515526303012748
train_mean,2025-04-24,2025-04-25,-0.0391592711084707,-0.0015515526303012748
train_mean,2025-04-25,2025-04-28,0.01811517962849264,-0.0015515526303012748
train_mean,2025-04-28,2025-04-29,-0.018233765146291873,-0.0015515526303012748
train_mean,2025-04-29,2025-04-30,-0.007195879109812848,-0.0015515526303012748
train_mean,2025-04-30,2025-05-02,0.01742578345204998,-0.0015515526303012748
train_mean,2025-05-02,2025-05-05,0.0021781755507966176,-0.0015515526303012748
train_mean,2025-05-05,2025-05-06,-0.037199739589461905,-0.0015515526303012748
train_mean,2025-05-06,2025-05-07,0.04048509567094714,-0.0015515526303012748
train_mean,2025-05-07,2025-05-08,-0.026254949835293414,-0.0015515526303012748
train_mean,2025-05-08,2025-05-09,0.03794634060920655,-0.0015515526303012748
train_mean,2025-05-09,2025-05-12,0.03960196368330269,-0.0015515526303012748
train_mean,2025-05-12,2025-05-13,-0.02660605926696677,-0.0015515526303012748
train_mean,2025-05-13,2025-05-14,0.041626005954530615,-0.0015515526303012748
train_mean,2025-05-14,2025-05-15,0.025869379978417095,-0.0015515526303012748
train_mean,2025-05-15,2025-05-16,-0.004560947122107173,-0.0015515526303012748
train_mean,2025-05-16,2025-05-19,0.02747226513488315,-0.0015515526303012748
train_mean,2025-05-19,2025-05-20,-0.027158966760317513,-0.0015515526303012748
train_mean,2025-05-20,2025-05-21,0.00939752631874435,-0.0015515526303012748
train_mean,2025-05-21,2025-05-22,-0.026938553882023243,-0.0015515526303012748
train_mean,2025-05-22,2025-05-23,-0.014365424983424654,-0.0015515526303012748
train_mean,2025-05-23,2025-05-26,-0.007923197687457828,-0.0015515526303012748
train_mean,2025-05-26,2025-05-27,-0.008700703332698257,-0.0015515526303012748
train_mean,2025-05-27,2025-05-28,0.004758397689554344,-0.0015515526303012748
train_mean,2025-05-28,2025-05-29,-0.005864482489640278,-0.0015515526303012748
train_mean,2025-05-29,2025-05-30,-0.018676730743398134,-0.0015515526303012748
train_mean,2025-05-30,2025-06-02,0.009839699146008163,-0.0015515526303012748
train_mean,2025-06-02,2025-06-03,0.006058955467736518,-0.0015515526303012748
train_mean,2025-06-03,2025-06-04,0.002849941641787482,-0.0015515526303012748
train_mean,2025-06-04,2025-06-05,-0.0019170209896568842,-0.0015515526303012748
train_mean,2025-06-05,2025-06-06,0.029452690187115476,-0.0015515526303012748
train_mean,2025-06-06,2025-06-09,-0.015159033062513563,-0.0015515526303012748
train_mean,2025-06-09,2025-06-10,0.01821390563249155,-0.0015515526303012748
train_mean,2025-06-10,2025-06-11,-0.00519672569218934,-0.0015515526303012748
train_mean,2025-06-11,2025-06-12,-0.02121043204497912,-0.0015515526303012748
train_mean,2025-06-12,2025-06-13,0.014538609124760685,-0.0015515526303012748
train_mean,2025-06-13,2025-06-16,0.010854850854182004,-0.0015515526303012748
train_mean,2025-06-16,2025-06-17,-0.015327202517658662,-0.0015515526303012748
train_mean,2025-06-17,2025-06-18,0.0015587629805624995,-0.0015515526303012748
train_mean,2025-06-18,2025-06-19,-0.02588105283896469,-0.0015515526303012748
train_mean,2025-06-19,2025-06-20,0.016384377040176316,-0.0015515526303012748
train_mean,2025-06-20,2025-06-23,0.03772194309522411,-0.0015515526303012748
train_mean,2025-06-23,2025-06-24,-0.004994096330634054,-0.0015515526303012748
train_mean,2025-06-24,2025-06-25,-0.016150665091710915,-0.0015515526303012748
train_mean,2025-06-25,2025-06-26,0.02452474610839412,-0.0015515526303012748
train_mean,2025-06-26,2025-06-27,-0.0268847293835104,-0.0015515526303012748
train_mean,2025-06-27,2025-06-30,0.005098601128890074,-0.0015515526303012748
train_mean,2025-06-30,2025-07-01,-0.016316466966884543,-0.0015515526303012748
train_mean,2025-07-01,2025-07-02,0.007355083886295004,-0.0015515526303012748
train_mean,2025-07-02,2025-07-03,-0.00389358051913221,-0.0015515526303012748
train_mean,2025-07-03,2025-07-04,0.00041655819399537015,-0.0015515526303012748
train_mean,2025-07-04,2025-07-07,-0.0180791133999059,-0.0015515526303012748
train_mean,2025-07-07,2025-07-08,0.00485617211920758,-0.0015515526303012748
train_mean,2025-07-08,2025-07-09,-0.018883037602198095,-0.0015515526303012748
train_mean,2025-07-09,2025-07-10,0.010373812940911192,-0.0015515526303012748
train_mean,2025-07-10,2025-07-11,0.006087090384431047,-0.0015515526303012748
train_mean,2025-07-11,2025-07-14,0.0024836855846284756,-0.0015515526303012748
train_mean,2025-07-14,2025-07-15,0.005105408599888536,-0.0015515526303012748
train_mean,2025-07-15,2025-07-16,-0.013103854416350756,-0.0015515526303012748
train_mean,2025-07-16,2025-07-17,0.0006347191580911288,-0.0015515526303012748
train_mean,2025-07-17,2025-07-18,-0.008315505663542142,-0.0015515526303012748
train_mean,2025-07-18,2025-07-21,0.020413101304586328,-0.0015515526303012748
train_mean,2025-07-21,2025-07-22,0.005046010859770747,-0.0015515526303012748
train_mean,2025-07-22,2025-07-23,0.0029828885334132094,-0.0015515526303012748
train_mean,2025-07-23,2025-07-24,0.004080712985336842,-0.0015515526303012748
train_mean,2025-07-24,2025-07-25,-0.024130746171295576,-0.0015515526303012748
train_mean,2025-07-25,2025-07-28,-0.030949231250013587,-0.0015515526303012748
train_mean,2025-07-28,2025-07-29,0.011559596346684542,-0.0015515526303012748
train_mean,2025-07-29,2025-07-30,-0.016272587621592716,-0.0015515526303012748
train_mean,2025-07-30,2025-07-31,0.00032427174255932544,-0.0015515526303012748
train_mean,2025-07-31,2025-08-01,-0.015648912344660645,-0.0015515526303012748
train_mean,2025-08-01,2025-08-04,0.03501880224958407,-0.0015515526303012748
train_mean,2025-08-04,2025-08-05,0.0013894086561562842,-0.0015515526303012748
train_mean,2025-08-05,2025-08-06,0.0018572078246917375,-0.0015515526303012748
train_mean,2025-08-06,2025-08-07,0.008201755106887821,-0.0015515526303012748
train_mean,2025-08-07,2025-08-08,-0.0147774199377017,-0.0015515526303012748
train_mean,2025-08-08,2025-08-11,-0.007084483781449581,-0.0015515526303012748
train_mean,2025-08-11,2025-08-12,-0.0029444064206930343,-0.0015515526303012748
train_mean,2025-08-12,2025-08-13,0.012929387404340928,-0.0015515526303012748
train_mean,2025-08-13,2025-08-14,-0.01250281173401398,-0.0015515526303012748
train_mean,2025-08-14,2025-08-18,-0.0014856478564236394,-0.0015515526303012748
train_mean,2025-08-18,2025-08-19,0.013736696620785523,-0.0015515526303012748
train_mean,2025-08-19,2025-08-20,0.005215951737838302,-0.0015515526303012748
train_mean,2025-08-20,2025-08-21,-0.003909411010024586,-0.0015515526303012748
train_mean,2025-08-21,2025-08-22,-0.01173790353847254,-0.0015515526303012748
train_mean,2025-08-22,2025-08-25,0.0026820241682482806,-0.0015515526303012748
train_mean,2025-08-25,2025-08-26,-0.018534829708160106,-0.0015515526303012748
train_mean,2025-08-26,2025-08-28,-0.00545078119040414,-0.0015515526303012748
train_mean,2025-08-28,2025-08-29,0.0010210388613083262,-0.0015515526303012748
train_mean,2025-08-29,2025-09-01,0.021023456672582624,-0.0015515526303012748
train_mean,2025-09-01,2025-09-02,0.04346848946116067,-0.0015515526303012748
train_mean,2025-09-02,2025-09-03,0.02745932749639936,-0.0015515526303012748
train_mean,2025-09-03,2025-09-04,-0.011210933691596845,-0.0015515526303012748
train_mean,2025-09-04,2025-09-05,0.02452764081195513,-0.0015515526303012748
train_mean,2025-09-05,2025-09-08,-0.011521517572472747,-0.0015515526303012748
train_mean,2025-09-08,2025-09-09,-0.019126724532092486,-0.0015515526303012748
train_mean,2025-09-09,2025-09-10,0.009030274151012634,-0.0015515526303012748
train_mean,2025-09-10,2025-09-11,0.019546130343589495,-0.0015515526303012748
train_mean,2025-09-11,2025-09-12,0.01430243526826892,-0.0015515526303012748
train_mean,2025-09-12,2025-09-15,-0.010781651936822421,-0.0015515526303012748
train_mean,2025-09-15,2025-09-16,-0.0023991891179816673,-0.0015515526303012748
train_mean,2025-09-16,2025-09-17,-0.015124657162258118,-0.0015515526303012748
train_mean,2025-09-17,2025-09-18,0.0014041659222656523,-0.0015515526303012748
train_mean,2025-09-18,2025-09-19,0.002839566508077739,-0.0015515526303012748
train_mean,2025-09-19,2025-09-22,-0.004021484851041827,-0.0015515526303012748
train_mean,2025-09-22,2025-09-23,-0.009815678942377264,-0.0015515526303012748
train_mean,2025-09-23,2025-09-24,-0.009273188885319517,-0.0015515526303012748
train_mean,2025-09-24,2025-09-25,-0.0038348630768974836,-0.0015515526303012748
train_mean,2025-09-25,2025-09-26,-0.02471936392094771,-0.0015515526303012748
train_mean,2025-09-26,2025-09-29,0.014373811967580788,-0.0015515526303012748
train_mean,2025-09-29,2025-09-30,0.046268448067081726,-0.0015515526303012748
train_mean,2025-09-30,2025-10-01,-0.0013976242666379726,-0.0015515526303012748
train_mean,2025-10-01,2025-10-03,0.030576683101660625,-0.0015515526303012748
train_mean,2025-10-03,2025-10-06,-0.022314222757280407,-0.0015515526303012748
train_mean,2025-10-06,2025-10-07,-0.003816359782903368,-0.0015515526303012748
train_mean,2025-10-07,2025-10-08,0.024765283149603537,-0.0015515526303012748
train_mean,2025-10-08,2025-10-09,0.01824426908955515,-0.0015515526303012748
train_mean,2025-10-09,2025-10-10,-0.02509486739703264,-0.0015515526303012748
train_mean,2025-10-10,2025-10-13,0.010616095064084417,-0.0015515526303012748
train_mean,2025-10-13,2025-10-14,-0.014146263708265529,-0.0015515526303012748
train_mean,2025-10-14,2025-10-15,0.012212875235322336,-0.0015515526303012748
train_mean,2025-10-15,2025-10-16,-0.0007050943355754267,-0.0015515526303012748
train_mean,2025-10-16,2025-10-17,-0.007691665539920328,-0.0015515526303012748
train_mean,2025-10-17,2025-10-20,0.0027024050115646786,-0.0015515526303012748
train_mean,2025-10-20,2025-10-21,0.0015406627896167816,-0.0015515526303012748
train_mean,2025-10-21,2025-10-23,-0.0009632646657520917,-0.0015515526303012748
train_mean,2025-10-23,2025-10-24,0.008934328733765774,-0.0015515526303012748
train_mean,2025-10-24,2025-10-27,0.00029432169573581954,-0.0015515526303012748
train_mean,2025-10-27,2025-10-28,-0.0046773361298929296,-0.0015515526303012748
train_mean,2025-10-28,2025-10-29,0.0004200798213424005,-0.0015515526303012748
train_mean,2025-10-29,2025-10-30,0.0020181641562371953,-0.0015515526303012748
train_mean,2025-10-30,2025-10-31,-0.007488759362103096,-0.0015515526303012748
train_mean,2025-10-31,2025-11-03,0.0069798038063785175,-0.0015515526303012748
train_mean,2025-11-03,2025-11-04,-0.020074092711010003,-0.0015515526303012748
train_mean,2025-11-04,2025-11-06,-0.011555339200232623,-0.0015515526303012748
train_mean,2025-11-06,2025-11-07,0.029090288486355045,-0.0015515526303012748
train_mean,2025-11-07,2025-11-10,0.06505673641579007,-0.0015515526303012748
train_mean,2025-11-10,2025-11-11,0.02925771078273987,-0.0015515526303012748
train_mean,2025-11-11,2025-11-12,0.00544653426420161,-0.0015515526303012748
train_mean,2025-11-12,2025-11-13,0.006235202309194348,-0.0015515526303012748
train_mean,2025-11-13,2025-11-14,-0.0023964863020528755,-0.0015515526303012748
train_mean,2025-11-14,2025-11-17,-0.006650637975339856,-0.0015515526303012748
train_mean,2025-11-17,2025-11-18,-0.006585342411839229,-0.0015515526303012748
train_mean,2025-11-18,2025-11-19,-0.0015576327136836285,-0.0015515526303012748
train_mean,2025-11-19,2025-11-20,-0.0034100629805419547,-0.0015515526303012748
train_mean,2025-11-20,2025-11-21,-0.02092209107117088,-0.0015515526303012748
train_mean,2025-11-21,2025-11-24,0.0015945152066862635,-0.0015515526303012748
train_mean,2025-11-24,2025-11-25,0.007787062295329607,-0.0015515526303012748
train_mean,2025-11-25,2025-11-26,0.01043460643480414,-0.0015515526303012748
train_mean,2025-11-26,2025-11-27,0.006641991668975153,-0.0015515526303012748
train_mean,2025-11-27,2025-11-28,-0.010217642420097334,-0.0015515526303012748
train_mean,2025-11-28,2025-12-01,-0.0011365790198723255,-0.0015515526303012748
train_mean,2025-12-01,2025-12-02,-0.0032006051985602048,-0.0015515526303012748
train_mean,2025-12-02,2025-12-03,0.002630097326754126,-0.0015515526303012748
train_mean,2025-12-03,2025-12-04,0.00465333552564135,-0.0015515526303012748
train_mean,2025-12-04,2025-12-05,0.014380778805228622,-0.0015515526303012748
train_mean,2025-12-05,2025-12-08,-0.020470977646194464,-0.0015515526303012748
train_mean,2025-12-08,2025-12-09,-0.003382190371817936,-0.0015515526303012748
train_mean,2025-12-09,2025-12-10,-0.007575793808457656,-0.0015515526303012748
train_mean,2025-12-10,2025-12-11,-0.0026450043759786704,-0.0015515526303012748
train_mean,2025-12-11,2025-12-12,0.04184864633943948,-0.0015515526303012748
train_mean,2025-12-12,2025-12-15,0.0035945401751486293,-0.0015515526303012748
train_mean,2025-12-15,2025-12-16,-0.0016241093527560714,-0.0015515526303012748
train_mean,2025-12-16,2025-12-17,0.005202272025070122,-0.0015515526303012748
train_mean,2025-12-17,2025-12-18,-0.0007159477663969937,-0.0015515526303012748
train_mean,2025-12-18,2025-12-19,-0.0035842332278151613,-0.0015515526303012748
train_mean,2025-12-19,2025-12-22,0.03256020169683856,-0.0015515526303012748
train_mean,2025-12-22,2025-12-23,-0.0030970430811272983,-0.0015515526303012748
train_mean,2025-12-23,2025-12-24,0.011237986481595314,-0.0015515526303012748
train_mean,2025-12-24,2025-12-26,0.029265542329701712,-0.0015515526303012748
train_mean,2025-12-26,2025-12-29,-0.029794313843192453,-0.0015515526303012748
train_mean,2025-12-29,2025-12-30,0.060545660941507415,-0.0015515526303012748
train_mean,2025-12-30,2025-12-31,-0.011860659321291324,-0.0015515526303012748
train_mean,2025-12-31,2026-01-01,-0.0028566913570903392,-0.0015515526303012748
train_mean,2026-01-01,2026-01-02,0.043626407621372404,-0.0015515526303012748
train_mean,2026-01-02,2026-01-05,-0.0036210057669522934,-0.0015515526303012748
train_mean,2026-01-05,2026-01-06,0.039116882374284095,-0.0015515526303012748
train_mean,2026-01-06,2026-01-07,0.005118009465741897,-0.0015515526303012748
train_mean,2026-01-07,2026-01-08,-0.04255961441879589,-0.0015515526303012748
train_mean,2026-01-08,2026-01-09,0.05068104715660702,-0.0015515526303012748
train_mean,2026-01-09,2026-01-12,-0.005555174174890461,-0.0015515526303012748
train_mean,2026-01-12,2026-01-13,0.012387545792030809,-0.0015515526303012748
train_mean,2026-01-13,2026-01-14,0.0397294759335313,-0.0015515526303012748
train_mean,2026-01-14,2026-01-16,-0.012777531813255591,-0.0015515526303012748
train_mean,2026-01-16,2026-01-19,0.015444850170808782,-0.0015515526303012748
train_mean,2026-01-19,2026-01-20,-0.023540215630399403,-0.0015515526303012748
train_mean,2026-01-20,2026-01-21,0.020823895501036305,-0.0015515526303012748
train_mean,2026-01-21,2026-01-22,0.004398027979711973,-0.0015515526303012748
train_mean,2026-01-22,2026-01-23,0.01030517594272545,-0.0015515526303012748
train_mean,2026-01-23,2026-01-27,0.023812215022658706,-0.0015515526303012748
train_mean,2026-01-27,2026-01-28,0.044944312759341166,-0.0015515526303012748
train_mean,2026-01-28,2026-01-29,0.0403266059943955,-0.0015515526303012748
train_mean,2026-01-29,2026-01-30,-0.07121291584941547,-0.0015515526303012748
train_mean,2026-01-30,2026-02-01,0.0033936684154364134,-0.0015515526303012748
train_mean,2026-02-01,2026-02-02,0.06307894307484564,-0.0015515526303012748
train_mean,2026-02-02,2026-02-03,-0.05009262780598444,-0.0015515526303012748
train_mean,2026-02-03,2026-02-04,0.007899887104515974,-0.0015515526303012748
train_mean,2026-02-04,2026-02-05,0.010637663342939887,-0.0015515526303012748
train_mean,2026-02-05,2026-02-06,-0.0037993432039348175,-0.0015515526303012748
train_mean,2026-02-06,2026-02-09,0.01921408201253204,-0.0015515526303012748
train_mean,2026-02-09,2026-02-10,-0.0009489596048676997,-0.0015515526303012748
train_mean,2026-02-10,2026-02-11,-0.0010872520777491638,-0.0015515526303012748
train_mean,2026-02-11,2026-02-12,0.00596854728969486,-0.0015515526303012748
train_mean,2026-02-12,2026-02-13,-0.030172879637369383,-0.0015515526303012748
train_mean,2026-02-13,2026-02-16,0.006912469920623361,-0.0015515526303012748
train_mean,2026-02-16,2026-02-17,-0.01065159264491889,-0.0015515526303012748
train_mean,2026-02-17,2026-02-18,0.010371870058921866,-0.0015515526303012748
train_mean,2026-02-18,2026-02-19,-0.022962787761324547,-0.0015515526303012748
train_mean,2026-02-19,2026-02-20,0.009422920134505188,-0.0015515526303012748
train_mean,2026-02-20,2026-02-23,-0.017691813154385116,-0.0015515526303012748
train_mean,2026-02-23,2026-02-24,0.010551094365814029,-0.0015515526303012748
train_mean,2026-02-24,2026-02-25,0.03622354156957352,-0.0015515526303012748
train_mean,2026-02-25,2026-02-26,-0.006345724149729259,-0.0015515526303012748
train_mean,2026-02-26,2026-02-27,-0.007445423169869183,-0.0015515526303012748
train_mean,2026-02-27,2026-03-02,0.05961748136434297,-0.0015515526303012748
train_mean,2026-03-02,2026-03-04,0.023020650990380455,-0.0015515526303012748
train_mean,2026-03-04,2026-03-05,0.04904275320841062,-0.0015515526303012748
train_mean,2026-03-05,2026-03-06,0.010531087620788323,-0.0015515526303012748
train_mean,2026-03-06,2026-03-09,-0.020151172879619914,-0.0015515526303012748
train_mean,2026-03-09,2026-03-10,-0.0032102756302482102,-0.0015515526303012748
train_mean,2026-03-10,2026-03-11,0.014561827427433706,-0.0015515526303012748
train_mean,2026-03-11,2026-03-12,0.013905349263387145,-0.0015515526303012748
train_mean,2026-03-12,2026-03-13,-0.05353036688422702,-0.0015515526303012748
train_mean,2026-03-13,2026-03-16,-0.031727710854586914,-0.0015515526303012748
train_mean,2026-03-16,2026-03-17,0.049676296261089804,-0.0015515526303012748
train_mean,2026-03-17,2026-03-18,-0.01115896912549452,-0.0015515526303012748
train_mean,2026-03-18,2026-03-19,0.0,-0.0015515526303012748
train_mean,2026-03-19,2026-03-20,-0.0014914245866701316,-0.0015515526303012748
train_mean,2026-03-20,2026-03-23,-0.021916748588471844,-0.0015515526303012748
train_mean,2026-03-23,2026-03-24,-0.010936732680488162,-0.0015515526303012748
train_mean,2026-03-24,2026-03-25,0.020908602124043402,-0.0015515526303012748
train_mean,2026-03-25,2026-03-27,0.0176755111587224,-0.0015515526303012748
train_mean,2026-03-27,2026-03-30,0.015925150549759168,-0.0015515526303012748
train_mean,2026-03-30,2026-04-01,0.007538671209642994,-0.0015515526303012748
train_mean,2026-04-01,2026-04-02,0.01466651172441258,-0.0015515526303012748
train_mean,2026-04-02,2026-04-06,0.014696158291434178,-0.0015515526303012748
train_mean,2026-04-06,2026-04-07,0.009149194653588082,-0.0015515526303012748
train_mean,2026-04-07,2026-04-08,-0.0364390434176432,-0.0015515526303012748
NALCO_only,2024-12-31,2025-01-01,0.014014525838172684,-0.0015370734904487336
NALCO_only,2025-01-01,2025-01-02,0.007648664012171,-0.0015812654952467094
NALCO_only,2025-01-02,2025-01-03,-0.04028338795931776,-0.0017712627358542519
NALCO_only,2025-01-03,2025-01-06,-0.03882079313195429,0.0025340182246505463
NALCO_only,2025-01-06,2025-01-07,0.02150514925754211,0.002232014037079404
NALCO_only,2025-01-07,2025-01-08,-0.0029314072193538975,-0.0007399095803244378
NALCO_only,2025-01-08,2025-01-09,-0.01879156508781405,-0.0009673678534674558
NALCO_only,2025-01-09,2025-01-10,0.010237131592904231,0.00027578065782677243
NALCO_only,2025-01-10,2025-01-13,-0.03411899497819723,-0.00019280505793587799
NALCO_only,2025-01-13,2025-01-14,0.03530078345084895,0.002591065611024017
NALCO_only,2025-01-14,2025-01-15,-0.028731369645886334,-0.0013404153901544413
NALCO_only,2025-01-15,2025-01-16,0.003176766910329171,0.00073983648479711
NALCO_only,2025-01-16,2025-01-17,0.042386173325936014,-0.001718911702821286
NALCO_only,2025-01-17,2025-01-20,0.01966490227583768,-0.0009126239235161025
NALCO_only,2025-01-20,2025-01-21,-0.024321828258809776,-0.0021726728370822374
NALCO_only,2025-01-21,2025-01-22,-0.012505047675716892,0.0006348123322781282
NALCO_only,2025-01-22,2025-01-23,0.008784829555732811,-0.0003177548749736384
NALCO_only,2025-01-23,2025-01-24,-0.011741817876683287,-0.0019189143377734714
NALCO_only,2025-01-24,2025-01-27,-0.015278214563320307,-0.0011459274403516182
NALCO_only,2025-01-27,2025-01-28,-0.04619139768627755,-0.0006835651720415228
NALCO_only,2025-01-28,2025-01-29,0.019751026377671777,0.0025736244215569856
NALCO_only,2025-01-29,2025-01-30,-0.010148710344557488,-0.0013334810175147742
NALCO_only,2025-01-30,2025-01-31,0.04159695189516458,-0.001094063789754054
NALCO_only,2025-01-31,2025-02-01,-0.02401573269714212,-0.001162215598716741
NALCO_only,2025-02-01,2025-02-03,-0.023310835725119272,0.0005201757898345937
NALCO_only,2025-02-03,2025-02-04,0.020527823820462452,0.001502621119811051
NALCO_only,2025-02-04,2025-02-05,0.013819758956328627,-0.0023348101134098086
NALCO_only,2025-02-05,2025-02-06,-0.01941613230285387,-0.0019541005414068463
NALCO_only,2025-02-06,2025-02-07,0.01756064145310009,-0.0013585161547094457
NALCO_only,2025-02-07,2025-02-10,-0.048229196298179476,-0.003164178035356093
NALCO_only,2025-02-10,2025-02-11,-0.06407471821821162,0.0013978077545858012
NALCO_only,2025-02-11,2025-02-12,0.030674460206366813,0.0049475582770279235
NALCO_only,2025-02-12,2025-02-13,0.006707917406908922,-0.00119667690426396
NALCO_only,2025-02-13,2025-02-14,-0.04405192106555058,-0.0011935987156795555
NALCO_only,2025-02-14,2025-02-17,-0.0002212878964550946,0.00400976853632705
NALCO_only,2025-02-17,2025-02-18,-0.007600380543789166,-0.00029925812847870483
NALCO_only,2025-02-18,2025-02-19,0.0521714354869422,-0.0003244228929121611
NALCO_only,2025-02-19,2025-02-20,0.03913163948826564,-0.0003503272845187253
NALCO_only,2025-02-20,2025-02-21,0.04273915870127967,-0.0013807939060477075
NALCO_only,2025-02-21,2025-02-24,-0.03967111883032618,-0.001442460010129295
NALCO_only,2025-02-24,2025-02-25,-0.04721118664428582,0.0009020479573155062
NALCO_only,2025-02-25,2025-02-27,-0.007719901715024238,0.0020487350778366333
NALCO_only,2025-02-27,2025-02-28,0.004458120868071645,-0.0009610796930915081
NALCO_only,2025-02-28,2025-03-03,0.006431249972079907,-0.0004838361627943475
NALCO_only,2025-03-03,2025-03-04,0.013379254047114217,-0.00027885351245519625
NALCO_only,2025-03-04,2025-03-05,0.055335921551462094,0.00019363621351077965
NALCO_only,2025-03-05,2025-03-06,0.004106141583595947,-0.0008233708666268678
NALCO_only,2025-03-06,2025-03-07,0.012425081870978474,-0.003274333941496214
NALCO_only,2025-03-07,2025-03-10,-0.03679091656626317,-0.0025011148191782947
NALCO_only,2025-03-10,2025-03-11,0.025140765286129223,0.001178478193593059
NALCO_only,2025-03-11,2025-03-12,0.0028232360468433875,-0.001999922673281704
NALCO_only,2025-03-12,2025-03-13,-0.021588875540270922,-0.002243391410102158
NALCO_only,2025-03-13,2025-03-17,-0.018049388048637826,-0.0014100960597453395
NALCO_only,2025-03-17,2025-03-18,0.00932469790962389,-0.0013357297837902737
NALCO_only,2025-03-18,2025-03-19,-0.023962130374192613,-0.0034450269614172413
NALCO_only,2025-03-19,2025-03-20,0.014642014366121985,-0.0017222651495161381
NALCO_only,2025-03-20,2025-03-21,-0.025176303794518944,-0.0028071124350976364
NALCO_only,2025-03-21,2025-03-24,-0.0008550663197333875,-0.00015622259288953296
NALCO_only,2025-03-24,2025-03-25,-0.0398251511082518,-0.0029028293029574265
NALCO_only,2025-03-25,2025-03-26,-0.007337442591337955,0.0011127340327884126
NALCO_only,2025-03-26,2025-03-27,0.004540239295026435,-0.001646604715501168
NALCO_only,2025-03-27,2025-03-28,-0.01918469943551603,-0.002843249829209788
NALCO_only,2025-03-28,2025-04-01,0.0016557713109412444,-0.0009183370372696489
NALCO_only,2025-04-01,2025-04-02,-0.0051528798317411525,-0.002021266362137469
NALCO_only,2025-04-02,2025-04-03,-0.0012733693912539315,-0.0017031068397559967
NALCO_only,2025-04-03,2025-04-04,-0.082137969738649,-0.0014176137046003636
NALCO_only,2025-04-04,2025-04-07,0.011748892489082828,0.007039850107762193
NALCO_only,2025-04-07,2025-04-08,-0.027446899837009122,0.006064494839370591
NALCO_only,2025-04-08,2025-04-09,-0.0010451141867499967,0.0020424676872411044
NALCO_only,2025-04-09,2025-04-11,-0.042914483251947376,0.0015345290262932271
NALCO_only,2025-04-11,2025-04-15,0.0453256929252592,0.0022802845929764826
NALCO_only,2025-04-15,2025-04-16,-0.005144790716152513,0.0002477648273930028
NALCO_only,2025-04-16,2025-04-17,0.011181384580412424,-0.0001747619527209417
NALCO_only,2025-04-17,2025-04-21,0.0389109909716002,-0.0008891510498171631
NALCO_only,2025-04-21,2025-04-22,-0.020630854203624555,-0.00016720040551947905
NALCO_only,2025-04-22,2025-04-23,0.010981281054520764,0.0005433487728519844
NALCO_only,2025-04-23,2025-04-24,0.0032763606101981293,-0.0008129063320698497
NALCO_only,2025-04-24,2025-04-25,-0.0391592711084707,-0.0017234547062247691
NALCO_only,2025-04-25,2025-04-28,0.01811517962849264,0.0021939398129189177
NALCO_only,2025-04-28,2025-04-29,-0.018233765146291873,-0.0015806008656869442
NALCO_only,2025-04-29,2025-04-30,-0.007195879109812848,-0.0004954112485966329
NALCO_only,2025-04-30,2025-05-02,0.01742578345204998,-0.001046464992609549
NALCO_only,2025-05-02,2025-05-05,0.0021781755507966176,-0.001216483397348453
NALCO_only,2025-05-05,2025-05-06,-0.037199739589461905,-0.0019325689063816455
NALCO_only,2025-05-06,2025-05-07,0.04048509567094714,0.0011175275930680832
NALCO_only,2025-05-07,2025-05-08,-0.026254949835293414,-0.000687472532468876
NALCO_only,2025-05-08,2025-05-09,0.03794634060920655,0.00014776165076132194
NALCO_only,2025-05-09,2025-05-12,0.03960196368330269,-0.0013802258873334406
NALCO_only,2025-05-12,2025-05-13,-0.02660605926696677,-0.0036317369958531525
NALCO_only,2025-05-13,2025-05-14,0.041626005954530615,-0.002329883237788675
NALCO_only,2025-05-14,2025-05-15,0.025869379978417095,-0.0038941171928820835
NALCO_only,2025-05-15,2025-05-16,-0.004560947122107173,-0.002836515043308
NALCO_only,2025-05-16,2025-05-19,0.02747226513488315,-0.004049108770962753
NALCO_only,2025-05-19,2025-05-20,-0.027158966760317513,-0.003648997712126863
NALCO_only,2025-05-20,2025-05-21,0.00939752631874435,-0.0022745011567878093
NALCO_only,2025-05-21,2025-05-22,-0.026938553882023243,-0.0044339811510153435
NALCO_only,2025-05-22,2025-05-23,-0.014365424983424654,-0.0024545979585284235
NALCO_only,2025-05-23,2025-05-26,-0.007923197687457828,-0.002643184260838724
NALCO_only,2025-05-26,2025-05-27,-0.008700703332698257,-0.004299852435219647
NALCO_only,2025-05-27,2025-05-28,0.004758397689554344,-0.004038132253139281
NALCO_only,2025-05-28,2025-05-29,-0.005864482489640278,-0.004750787755238466
NALCO_only,2025-05-29,2025-05-30,-0.018676730743398134,-0.004908097198470276
NALCO_only,2025-05-30,2025-06-02,0.009839699146008163,-0.00308321462295409
NALCO_only,2025-06-02,2025-06-03,0.006058955467736518,-0.003002129990301988
NALCO_only,2025-06-03,2025-06-04,0.002849941641787482,-0.004463766010825158
NALCO_only,2025-06-04,2025-06-05,-0.0019170209896568842,-0.004069767305361426
NALCO_only,2025-06-05,2025-06-06,0.029452690187115476,-0.004742321997102911
NALCO_only,2025-06-06,2025-06-09,-0.015159033062513563,-0.003327925520569124
NALCO_only,2025-06-09,2025-06-10,0.01821390563249155,-0.0033608004947240245
NALCO_only,2025-06-10,2025-06-11,-0.00519672569218934,-0.0036556576083973105
NALCO_only,2025-06-11,2025-06-12,-0.02121043204497912,-0.0035813573357969903
NALCO_only,2025-06-12,2025-06-13,0.014538609124760685,-0.002027397041209405
NALCO_only,2025-06-13,2025-06-16,0.010854850854182004,-0.00170452892934543
NALCO_only,2025-06-16,2025-06-17,-0.015327202517658662,-0.002598157944338667
NALCO_only,2025-06-17,2025-06-18,0.0015587629805624995,-0.00266726308566886
NALCO_only,2025-06-18,2025-06-19,-0.02588105283896469,-0.0035982567075909
NALCO_only,2025-06-19,2025-06-20,0.016384377040176316,-0.0011961965112209827
NALCO_only,2025-06-20,2025-06-23,0.03772194309522411,-0.0029646173593759657
NALCO_only,2025-06-23,2025-06-24,-0.004994096330634054,-0.0018164995944757738
NALCO_only,2025-06-24,2025-06-25,-0.016150665091710915,-0.003434374355444007
NALCO_only,2025-06-25,2025-06-26,0.02452474610839412,-0.0026309955348338887
NALCO_only,2025-06-26,2025-06-27,-0.0268847293835104,-0.002898415304250913
NALCO_only,2025-06-27,2025-06-30,0.005098601128890074,-0.0014751616909168832
NALCO_only,2025-06-30,2025-07-01,-0.016316466966884543,-0.003227663083819201
NALCO_only,2025-07-01,2025-07-02,0.007355083886295004,-0.002220018701842989
NALCO_only,2025-07-02,2025-07-03,-0.00389358051913221,-0.0030438956226599805
NALCO_only,2025-07-03,2025-07-04,0.00041655819399537015,-0.0030854382323853864
NALCO_only,2025-07-04,2025-07-07,-0.0180791133999059,-0.0031578935746723272
NALCO_only,2025-07-07,2025-07-08,0.00485617211920758,-0.0021119475454855776
NALCO_only,2025-07-08,2025-07-09,-0.018883037602198095,-0.0031868231469041938
NALCO_only,2025-07-09,2025-07-10,0.010373812940911192,-0.0014112153396712442
NALCO_only,2025-07-10,2025-07-11,0.006087090384431047,-0.0034073560260819173
NALCO_only,2025-07-11,2025-07-14,0.0024836855846284756,-0.0026887653459931474
NALCO_only,2025-07-14,2025-07-15,0.005105408599888536,-0.002671961448887091
NALCO_only,2025-07-15,2025-07-16,-0.013103854416350756,-0.0035431117190247744
NALCO_only,2025-07-16,2025-07-17,0.0006347191580911288,-0.002887111413971413
NALCO_only,2025-07-17,2025-07-18,-0.008315505663542142,-0.00354257478272704
NALCO_only,2025-07-18,2025-07-21,0.020413101304586328,-0.002842551409346263
NALCO_only,2025-07-21,2025-07-22,0.005046010859770747,-0.0032791315440651673
NALCO_only,2025-07-22,2025-07-23,0.0029828885334132094,-0.0038377575338720956
NALCO_only,2025-07-23,2025-07-24,0.004080712985336842,-0.0037246366472222644
NALCO_only,2025-07-24,2025-07-25,-0.024130746171295576,-0.0032705160618789987
NALCO_only,2025-07-25,2025-07-28,-0.030949231250013587,-0.0012189616042292952
NALCO_only,2025-07-28,2025-07-29,0.011559596346684542,-0.00041184950050498093
NALCO_only,2025-07-29,2025-07-30,-0.016272587621592716,-0.0029178529082838998
NALCO_only,2025-07-30,2025-07-31,0.00032427174255932544,-0.0019502862173479602
NALCO_only,2025-07-31,2025-08-01,-0.015648912344660645,-0.0020785625836353835
NALCO_only,2025-08-01,2025-08-04,0.03501880224958407,-0.001069070457813973
NALCO_only,2025-08-04,2025-08-05,0.0013894086561562842,-0.001939024624589827
NALCO_only,2025-08-05,2025-08-06,0.0018572078246917375,-0.0031892945831221847
NALCO_only,2025-08-06,2025-08-07,0.008201755106887821,-0.003544655153071249
NALCO_only,2025-08-07,2025-08-08,-0.0147774199377017,-0.001922321952818674
NALCO_only,2025-08-08,2025-08-11,-0.007084483781449581,-0.0013494894968008376
NALCO_only,2025-08-11,2025-08-12,-0.0029444064206930343,-0.0024936632195616784
NALCO_only,2025-08-12,2025-08-13,0.012929387404340928,-0.0025231799281094248
NALCO_only,2025-08-13,2025-08-14,-0.01250281173401398,-0.0030906628533659414
NALCO_only,2025-08-14,2025-08-18,-0.0014856478564236394,-0.002342123677619815
NALCO_only,2025-08-18,2025-08-19,0.013736696620785523,-0.003060528770432229
NALCO_only,2025-08-19,2025-08-20,0.005215951737838302,-0.0031205579119491034
NALCO_only,2025-08-20,2025-08-21,-0.003909411010024586,-0.003025600935662706
NALCO_only,2025-08-21,2025-08-22,-0.01173790353847254,-0.0027249344679523063
NALCO_only,2025-08-22,2025-08-25,0.0026820241682482806,-0.0019558041968125925
NALCO_only,2025-08-25,2025-08-26,-0.018534829708160106,-0.0030613801322062423
NALCO_only,2025-08-26,2025-08-28,-0.00545078119040414,-0.0014158044035253174
NALCO_only,2025-08-28,2025-08-29,0.0010210388613083262,-0.0022978762895133585
NALCO_only,2025-08-29,2025-09-01,0.021023456672582624,-0.0024881729951328297
NALCO_only,2025-09-01,2025-09-02,0.04346848946116067,-0.0030508556775554127
NALCO_only,2025-09-02,2025-09-03,0.02745932749639936,-0.0020357322017157844
NALCO_only,2025-09-03,2025-09-04,-0.011210933691596845,-0.0034631520083211378
NALCO_only,2025-09-04,2025-09-05,0.02452764081195513,-0.003326233348491141
NALCO_only,2025-09-05,2025-09-08,-0.011521517572472747,-0.003145864549625346
NALCO_only,2025-09-08,2025-09-09,-0.019126724532092486,-0.0023329860209117467
NALCO_only,2025-09-09,2025-09-10,0.009030274151012634,-0.0026359902751993403
NALCO_only,2025-09-10,2025-09-11,0.019546130343589495,-0.003992888793063143
NALCO_only,2025-09-11,2025-09-12,0.01430243526826892,-0.0030613854515869356
NALCO_only,2025-09-12,2025-09-15,-0.010781651936822421,-0.004324700085253366
NALCO_only,2025-09-15,2025-09-16,-0.0023991891179816673,-0.0035903325924279634
NALCO_only,2025-09-16,2025-09-17,-0.015124657162258118,-0.0038558114364048903
NALCO_only,2025-09-17,2025-09-18,0.0014041659222656523,-0.0026264163287910954
NALCO_only,2025-09-18,2025-09-19,0.002839566508077739,-0.004137961066684481
NALCO_only,2025-09-19,2025-09-22,-0.004021484851041827,-0.004035282449268416
NALCO_only,2025-09-22,2025-09-23,-0.009815678942377264,-0.003365869944810018
NALCO_only,2025-09-23,2025-09-24,-0.009273188885319517,-0.003182735181398914
NALCO_only,2025-09-24,2025-09-25,-0.0038348630768974836,-0.0032111653829476937
NALCO_only,2025-09-25,2025-09-26,-0.02471936392094771,-0.0030997569378870783
NALCO_only,2025-09-26,2025-09-29,0.014373811967580788,-0.0014277899561525233
NALCO_only,2025-09-29,2025-09-30,0.046268448067081726,-0.003287177077644478
NALCO_only,2025-09-30,2025-10-01,-0.0013976242666379726,-0.001980812410382519
NALCO_only,2025-10-01,2025-10-03,0.030576683101660625,-0.0025782815155602533
NALCO_only,2025-10-03,2025-10-06,-0.022314222757280407,-0.0021089656088040323
NALCO_only,2025-10-06,2025-10-07,-0.003816359782903368,-0.0016215018858137804
NALCO_only,2025-10-07,2025-10-08,0.024765283149603537,-0.0031261656889439984
NALCO_only,2025-10-08,2025-10-09,0.01824426908955515,-0.0028957474255663705
NALCO_only,2025-10-09,2025-10-10,-0.02509486739703264,-0.0032610133337769463
NALCO_only,2025-10-10,2025-10-13,0.010616095064084417,-0.001559529584078967
NALCO_only,2025-10-13,2025-10-14,-0.014146263708265529,-0.0030259935517873496
NALCO_only,2025-10-14,2025-10-15,0.012212875235322336,-0.0021878603869145445
NALCO_only,2025-10-15,2025-10-16,-0.0007050943355754267,-0.0035595081385075738
NALCO_only,2025-10-16,2025-10-17,-0.007691665539920328,-0.003577285272253256
NALCO_only,2025-10-17,2025-10-20,0.0027024050115646786,-0.0022967322043626675
NALCO_only,2025-10-20,2025-10-21,0.0015406627896167816,-0.0033496318885191728
NALCO_only,2025-10-21,2025-10-23,-0.0009632646657520917,-0.004642646702366203
NALCO_only,2025-10-23,2025-10-24,0.008934328733765774,-0.003917873538941887
NALCO_only,2025-10-24,2025-10-27,0.00029432169573581954,-0.0036921024363463567
NALCO_only,2025-10-27,2025-10-28,-0.0046773361298929296,-0.005043199652949057
NALCO_only,2025-10-28,2025-10-29,0.0004200798213424005,-0.0038972109592303513
NALCO_only,2025-10-29,2025-10-30,0.0020181641562371953,-0.004662387280956148
NALCO_only,2025-10-30,2025-10-31,-0.007488759362103096,-0.003630042486089692
NALCO_only,2025-10-31,2025-11-03,0.0069798038063785175,-0.0034627697831583863
NALCO_only,2025-11-03,2025-11-04,-0.020074092711010003,-0.004210191894758328
NALCO_only,2025-11-04,2025-11-06,-0.011555339200232623,-0.0022349878164019455
NALCO_only,2025-11-06,2025-11-07,0.029090288486355045,-0.002769310153937974
NALCO_only,2025-11-07,2025-11-10,0.06505673641579007,-0.0018096550407785367
NALCO_only,2025-11-10,2025-11-11,0.02925771078273987,-0.0020357693365528834
NALCO_only,2025-11-11,2025-11-12,0.00544653426420161,-0.003671722403619443
NALCO_only,2025-11-12,2025-11-13,0.006235202309194348,-0.004508295053171992
NALCO_only,2025-11-13,2025-11-14,-0.0023964863020528755,-0.004462676185319662
NALCO_only,2025-11-14,2025-11-17,-0.006650637975339856,-0.002865002422654225
NALCO_only,2025-11-17,2025-11-18,-0.006585342411839229,-0.0038526008414726904
NALCO_only,2025-11-18,2025-11-19,-0.0015576327136836285,-0.003974853191208464
NALCO_only,2025-11-19,2025-11-20,-0.0034100629805419547,-0.0037691953366260633
NALCO_only,2025-11-20,2025-11-21,-0.02092209107117088,-0.0038371726703200233
NALCO_only,2025-11-21,2025-11-24,0.0015945152066862635,-0.002383112809323254
NALCO_only,2025-11-24,2025-11-25,0.007787062295329607,-0.0034410821841268646
NALCO_only,2025-11-25,2025-11-26,0.01043460643480414,-0.003867483288640258
NALCO_only,2025-11-26,2025-11-27,0.006641991668975153,-0.004214704677282567
NALCO_only,2025-11-27,2025-11-28,-0.010217642420097334,-0.0037069133198845954
NALCO_only,2025-11-28,2025-12-01,-0.0011365790198723255,-0.003470107500009282
NALCO_only,2025-12-01,2025-12-02,-0.0032006051985602048,-0.004293523709323075
NALCO_only,2025-12-02,2025-12-03,0.002630097326754126,-0.004201449037894267
NALCO_only,2025-12-03,2025-12-04,0.00465333552564135,-0.0038590566548278166
NALCO_only,2025-12-04,2025-12-05,0.014380778805228622,-0.005120724036948483
NALCO_only,2025-12-05,2025-12-08,-0.020470977646194464,-0.00381524269915603
NALCO_only,2025-12-08,2025-12-09,-0.003382190371817936,-0.0014300773011463575
NALCO_only,2025-12-09,2025-12-10,-0.007575793808457656,-0.0017618351682460866
NALCO_only,2025-12-10,2025-12-11,-0.0026450043759786704,-0.0019025569700570023
NALCO_only,2025-12-11,2025-12-12,0.04184864633943948,-0.0026258274575079493
NALCO_only,2025-12-12,2025-12-15,0.0035945401751486293,-0.002323316992705594
NALCO_only,2025-12-15,2025-12-16,-0.0016241093527560714,-0.003883981810043672
NALCO_only,2025-12-16,2025-12-17,0.005202272025070122,-0.0035954289321391605
NALCO_only,2025-12-17,2025-12-18,-0.0007159477663969937,-0.004087504297455227
NALCO_only,2025-12-18,2025-12-19,-0.0035842332278151613,-0.002911190769458601
NALCO_only,2025-12-19,2025-12-22,0.03256020169683856,-0.0038499880785173267
NALCO_only,2025-12-22,2025-12-23,-0.0030970430811272983,-0.003356000535602775
NALCO_only,2025-12-23,2025-12-24,0.011237986481595314,-0.004125771082779418
NALCO_only,2025-12-24,2025-12-26,0.029265542329701712,-0.0037767565652836455
NALCO_only,2025-12-26,2025-12-29,-0.029794313843192453,-0.0034865219034415605
NALCO_only,2025-12-29,2025-12-30,0.060545660941507415,-0.001396175769261728
NALCO_only,2025-12-30,2025-12-31,-0.011860659321291324,-0.0020940479550677175
NALCO_only,2025-12-31,2026-01-01,-0.0028566913570903392,-0.004092241810972186
NALCO_only,2026-01-01,2026-01-02,0.043626407621372404,-0.004572087721171839
NALCO_only,2026-01-02,2026-01-05,-0.0036210057669522934,-0.003681008281416422
NALCO_only,2026-01-05,2026-01-06,0.039116882374284095,-0.004439504396477468
NALCO_only,2026-01-06,2026-01-07,0.005118009465741897,-0.003613461830497112
NALCO_only,2026-01-07,2026-01-08,-0.04255961441879589,-0.005000306620833221
NALCO_only,2026-01-08,2026-01-09,0.05068104715660702,-0.0013070769767750325
NALCO_only,2026-01-09,2026-01-12,-0.005555174174890461,-0.0032974620204498047
NALCO_only,2026-01-12,2026-01-13,0.012387545792030809,-0.0038715378988337023
NALCO_only,2026-01-13,2026-01-14,0.0397294759335313,-0.005229243670424013
NALCO_only,2026-01-14,2026-01-16,-0.012777531813255591,-0.004404199341123401
NALCO_only,2026-01-16,2026-01-19,0.015444850170808782,-0.0038525463721277063
NALCO_only,2026-01-19,2026-01-20,-0.023540215630399403,-0.005417420533104809
NALCO_only,2026-01-20,2026-01-21,0.020823895501036305,-0.0030351501367610065
NALCO_only,2026-01-21,2026-01-22,0.004398027979711973,-0.0043889545272728136
NALCO_only,2026-01-22,2026-01-23,0.01030517594272545,-0.0042368155080376125
NALCO_only,2026-01-23,2026-01-27,0.023812215022658706,-0.003185699579395405
NALCO_only,2026-01-27,2026-01-28,0.044944312759341166,-0.004861413441491274
NALCO_only,2026-01-28,2026-01-29,0.0403266059943955,-0.003828574060765687
NALCO_only,2026-01-29,2026-01-30,-0.07121291584941547,-0.004831539181374497
NALCO_only,2026-01-30,2026-02-01,0.0033936684154364134,0.0032671722562940403
NALCO_only,2026-02-01,2026-02-02,0.06307894307484564,0.0043759424881829176
NALCO_only,2026-02-02,2026-02-03,-0.05009262780598444,-0.0001739514338433201
NALCO_only,2026-02-03,2026-02-04,0.007899887104515974,0.0010119725966881764
NALCO_only,2026-02-04,2026-02-05,0.010637663342939887,-0.003746885701920965
NALCO_only,2026-02-05,2026-02-06,-0.0037993432039348175,-0.0010509704629225725
NALCO_only,2026-02-06,2026-02-09,0.01921408201253204,-0.0025456429593129016
NALCO_only,2026-02-09,2026-02-10,-0.0009489596048676997,-0.0032603067010188507
NALCO_only,2026-02-10,2026-02-11,-0.0010872520777491638,-0.0036367197800975014
NALCO_only,2026-02-11,2026-02-12,0.00596854728969486,-0.003311356974881284
NALCO_only,2026-02-12,2026-02-13,-0.030172879637369383,-0.00272408528239228
NALCO_only,2026-02-13,2026-02-16,0.006912469920623361,0.0002481757347034526
NALCO_only,2026-02-16,2026-02-17,-0.01065159264491889,-0.002080722654482477
NALCO_only,2026-02-17,2026-02-18,0.010371870058921866,-0.0009859399853053507
NALCO_only,2026-02-18,2026-02-19,-0.022962787761324547,-0.0028293102059572754
NALCO_only,2026-02-19,2026-02-20,0.009422920134505188,-0.0005346092319283026
NALCO_only,2026-02-20,2026-02-23,-0.017691813154385116,-0.0026000084387538883
NALCO_only,2026-02-23,2026-02-24,0.010551094365814029,-0.0005948876019530275
NALCO_only,2026-02-24,2026-02-25,0.03622354156957352,-0.0006742070046906604
NALCO_only,2026-02-25,2026-02-26,-0.006345724149729259,-0.0008046259297575549
NALCO_only,2026-02-26,2026-02-27,-0.007445423169869183,-0.002500827585195456
NALCO_only,2026-02-27,2026-03-02,0.05961748136434297,-0.0018852308953865048
NALCO_only,2026-03-02,2026-03-04,0.023020650990380455,0.00020367332357071831
NALCO_only,2026-03-04,2026-03-05,0.04904275320841062,-0.0010356285628235458
NALCO_only,2026-03-05,2026-03-06,0.010531087620788323,-0.0007849445921730557
NALCO_only,2026-03-06,2026-03-09,-0.020151172879619914,-0.0021015096774919854
NALCO_only,2026-03-09,2026-03-10,-0.0032102756302482102,-0.0009166023969338693
NALCO_only,2026-03-10,2026-03-11,0.014561827427433706,-0.0023162000884306023
NALCO_only,2026-03-11,2026-03-12,0.013905349263387145,-0.0030870725991649023
NALCO_only,2026-03-12,2026-03-13,-0.05353036688422702,-0.0013672914451942153
NALCO_only,2026-03-13,2026-03-16,-0.031727710854586914,0.0027530951395632105
NALCO_only,2026-03-16,2026-03-17,0.049676296261089804,0.00042970739157597334
NALCO_only,2026-03-17,2026-03-18,-0.01115896912549452,-0.0018769113212391858
NALCO_only,2026-03-18,2026-03-19,0.0,-0.002837128409663704
NALCO_only,2026-03-19,2026-03-20,-0.0014914245866701316,-0.0012868788166545532
NALCO_only,2026-03-20,2026-03-23,-0.021916748588471844,0.00018536869108153726
NALCO_only,2026-03-23,2026-03-24,-0.010936732680488162,-9.61253220491975e-05
NALCO_only,2026-03-24,2026-03-25,0.020908602124043402,-0.0030991446094487665
NALCO_only,2026-03-25,2026-03-27,0.0176755111587224,-0.0034188665545945894
NALCO_only,2026-03-27,2026-03-30,0.015925150549759168,-0.002131397413411156
NALCO_only,2026-03-30,2026-04-01,0.007538671209642994,-0.0021884171029677222
NALCO_only,2026-04-01,2026-04-02,0.01466651172441258,-0.003502731565090741
NALCO_only,2026-04-02,2026-04-06,0.014696158291434178,-0.0018826760901111362
NALCO_only,2026-04-06,2026-04-07,0.009149194653588082,-0.0028563938479255523
NALCO_only,2026-04-07,2026-04-08,-0.0364390434176432,-0.0030602970961342083
