decision_date,execution_date,phase,asset,side,quantity,mid,fill,fee,reason
2024-12-31,2025-01-01,OPEN,NALCO,BUY,2246,211.15,211.255575,474.48002145,signal
2024-12-31,2025-01-01,CLOSE,NALCO,SELL,2246,214.13,214.02293500000002,480.6955120100001,session_end
2025-01-02,2025-01-03,OPEN,NALCO,BUY,2213,216.55,216.658275,479.46476257499995,signal
2025-01-02,2025-01-03,CLOSE,NALCO,SELL,2213,208.0,207.89600000000002,460.07384800000005,session_end
2025-01-03,2025-01-06,OPEN,NALCO,SELL,2208,208.0,207.89600000000002,459.034368,signal
2025-01-03,2025-01-06,CLOSE,NALCO,BUY,2208,200.08,200.18004,441.99752831999996,session_end
2025-01-06,2025-01-07,OPEN,NALCO,SELL,2355,201.49,201.38925500000002,474.27169552500004,signal
2025-01-06,2025-01-07,CLOSE,NALCO,BUY,2355,205.87,205.972935,485.06626192499994,session_end
2025-01-07,2025-01-08,OPEN,NALCO,SELL,2260,204.98,204.87751,463.02317259999995,signal
2025-01-07,2025-01-08,CLOSE,NALCO,BUY,2260,204.38,204.48218999999997,462.1297493999999,session_end
2025-01-08,2025-01-09,OPEN,NALCO,SELL,2282,203.05,202.94847500000003,463.1284199500001,signal
2025-01-08,2025-01-09,CLOSE,NALCO,BUY,2282,199.27,199.369635,454.96150707,session_end
2025-01-09,2025-01-10,OPEN,NALCO,SELL,2349,200.2,200.0999,470.0346651,signal
2025-01-09,2025-01-10,CLOSE,NALCO,BUY,2349,202.26,202.36112999999997,475.34629436999995,session_end
2025-01-10,2025-01-13,OPEN,NALCO,BUY,2345,198.25,198.349125,465.128698125,signal
2025-01-10,2025-01-13,CLOSE,NALCO,SELL,2345,191.6,191.5042,449.077349,session_end
2025-02-01,2025-02-03,OPEN,NALCO,SELL,2310,194.0,193.90300000000002,447.91593000000006,signal
2025-02-01,2025-02-03,CLOSE,NALCO,BUY,2310,189.53,189.624765,438.03320714999995,session_end
2025-02-03,2025-02-04,OPEN,NALCO,SELL,2380,191.9,191.80405000000002,456.4936390000001,signal
2025-02-03,2025-02-04,CLOSE,NALCO,BUY,2380,195.88,195.97794,466.4274972,session_end
2025-02-04,2025-02-05,OPEN,NALCO,SELL,2267,196.9,196.80155000000002,446.14911385000005,signal
2025-02-04,2025-02-05,CLOSE,NALCO,BUY,2267,199.64,199.73981999999998,452.81017194,session_end
2025-02-06,2025-02-07,OPEN,NALCO,BUY,2233,197.0,197.0985,440.1209505,signal
2025-02-06,2025-02-07,CLOSE,NALCO,SELL,2233,200.49,200.389755,447.470322915,session_end
2025-02-10,2025-02-11,OPEN,NALCO,SELL,2279,195.44,195.34228000000002,445.18505612,signal
2025-02-10,2025-02-11,CLOSE,NALCO,BUY,2279,183.31,183.401655,417.97237174500003,session_end
2025-02-12,2025-02-13,OPEN,NALCO,SELL,2473,190.18,190.08491,470.07998243000003,signal
2025-02-12,2025-02-13,CLOSE,NALCO,BUY,2473,191.46,191.55573,473.71732029,session_end
2025-02-13,2025-02-14,OPEN,NALCO,SELL,2455,189.81,189.71509500000002,465.7505582250001,signal
2025-02-13,2025-02-14,CLOSE,NALCO,BUY,2455,181.63,181.720815,446.124600825,session_end
2025-02-14,2025-02-17,OPEN,NALCO,BUY,2680,180.78,180.87039,484.7326452,signal
2025-02-14,2025-02-17,CLOSE,NALCO,SELL,2680,180.74,180.64963000000003,484.1410084000001,session_end
2025-02-17,2025-02-18,OPEN,NALCO,BUY,2669,180.94,181.03046999999998,483.17032442999994,signal
2025-02-17,2025-02-18,CLOSE,NALCO,SELL,2669,179.57,179.48021500000002,479.03269383500003,session_end
2025-02-18,2025-02-19,OPEN,NALCO,SELL,2689,177.57,177.481215,477.246987135,signal
2025-02-18,2025-02-19,CLOSE,NALCO,BUY,2689,187.08,187.17354,503.30964906,session_end
2025-02-20,2025-02-21,OPEN,NALCO,BUY,2349,192.6,192.69629999999998,452.64360869999996,signal
2025-02-20,2025-02-21,CLOSE,NALCO,SELL,2349,201.01,200.909495,471.93640375499996,session_end
2025-02-24,2025-02-25,OPEN,NALCO,BUY,2479,189.53,189.624765,470.079792435,signal
2025-02-24,2025-02-25,CLOSE,NALCO,SELL,2479,180.79,180.699605,447.95432079499994,session_end
2025-02-28,2025-03-03,OPEN,NALCO,BUY,2514,178.24,178.32912,448.31940768,signal
2025-02-28,2025-03-03,CLOSE,NALCO,SELL,2514,179.39,179.300305,450.76096677000004,session_end
2025-03-03,2025-03-04,OPEN,NALCO,SELL,2540,176.7,176.61165,448.593591,signal
2025-03-03,2025-03-04,CLOSE,NALCO,BUY,2540,179.08,179.16954,455.09063160000005,session_end
2025-03-04,2025-03-05,OPEN,NALCO,SELL,2467,179.1,179.01045,441.61878015,signal
2025-03-04,2025-03-05,CLOSE,NALCO,BUY,2467,189.29,189.38464499999998,467.21191921499997,session_end
2025-03-05,2025-03-06,OPEN,NALCO,SELL,2171,192.0,191.904,416.623584,signal
2025-03-05,2025-03-06,CLOSE,NALCO,BUY,2171,192.79,192.886395,418.756363545,session_end
2025-03-06,2025-03-07,OPEN,NALCO,BUY,2151,192.76,192.85637999999997,414.83407337999995,signal
2025-03-06,2025-03-07,CLOSE,NALCO,SELL,2151,195.17,195.072415,419.60076466500004,session_end
2025-03-07,2025-03-10,OPEN,NALCO,BUY,2143,195.17,195.26758499999997,418.45843465499996,signal
2025-03-07,2025-03-10,CLOSE,NALCO,SELL,2143,188.12,188.02594000000002,402.93958942000006,session_end
2025-03-10,2025-03-11,OPEN,NALCO,SELL,2174,185.0,184.9075,401.988905,signal
2025-03-10,2025-03-11,CLOSE,NALCO,BUY,2174,189.71,189.804855,412.63575477,session_end
2025-03-11,2025-03-12,OPEN,NALCO,SELL,2049,191.0,190.9045,391.1633205,signal
2025-03-11,2025-03-12,CLOSE,NALCO,BUY,2049,191.54,191.63576999999998,392.66169272999997,session_end
2025-03-13,2025-03-17,OPEN,NALCO,SELL,2066,188.4,188.3058,389.03978279999995,signal
2025-03-13,2025-03-17,CLOSE,NALCO,BUY,2066,185.03,185.122515,382.46311598999995,session_end
2025-03-18,2025-03-19,OPEN,NALCO,BUY,2070,190.9,190.99545,395.3605815,signal
2025-03-18,2025-03-19,CLOSE,NALCO,SELL,2070,186.38,186.28681,385.6136967,session_end
2025-03-20,2025-03-21,OPEN,NALCO,SELL,2022,190.25,190.154875,384.49315724999997,signal
2025-03-20,2025-03-21,CLOSE,NALCO,BUY,2022,185.52,185.61276,375.30900072,session_end
2025-03-26,2025-03-27,OPEN,NALCO,SELL,2206,178.0,177.911,392.471666,signal
2025-03-26,2025-03-27,CLOSE,NALCO,BUY,2206,178.81,178.899405,394.65208743000005,session_end
2025-03-27,2025-03-28,OPEN,NALCO,SELL,2179,178.93,178.84053500000002,389.693525765,signal
2025-03-27,2025-03-28,CLOSE,NALCO,BUY,2179,175.53,175.617765,382.671109935,session_end
2025-03-28,2025-04-01,OPEN,NALCO,BUY,2265,175.0,175.08749999999998,396.57318749999996,signal
2025-03-28,2025-04-01,CLOSE,NALCO,SELL,2265,175.29,175.202355,396.83333407500004,session_end
2025-04-02,2025-04-03,OPEN,NALCO,BUY,2290,172.88,172.96643999999998,396.09314759999995,signal
2025-04-02,2025-04-03,CLOSE,NALCO,SELL,2290,172.66,172.57367,395.1937043,session_end
2025-04-03,2025-04-04,OPEN,NALCO,BUY,2303,171.2,171.2856,394.4707368,signal
2025-04-03,2025-04-04,CLOSE,NALCO,SELL,2303,157.7,157.62115,363.00150845,session_end
2025-04-09,2025-04-11,OPEN,NALCO,BUY,2433,149.5,149.57475,363.91536675,signal
2025-04-09,2025-04-11,CLOSE,NALCO,SELL,2433,143.22,143.14839,348.28003287,session_end
2025-04-11,2025-04-15,OPEN,NALCO,SELL,2403,144.71,144.63764500000002,347.56426093500005,signal
2025-04-11,2025-04-15,CLOSE,NALCO,BUY,2403,151.42,151.49570999999997,364.04419112999994,session_end
2025-04-16,2025-04-17,OPEN,NALCO,SELL,2192,151.19,151.114405,331.24277576000003,signal
2025-04-16,2025-04-17,CLOSE,NALCO,BUY,2192,152.89,152.96644499999996,335.30244743999987,session_end
2025-04-17,2025-04-21,OPEN,NALCO,SELL,2106,155.25,155.17237500000002,326.79302175000004,signal
2025-04-17,2025-04-21,CLOSE,NALCO,BUY,2106,161.41,161.490705,340.09942473,session_end
2025-04-21,2025-04-22,OPEN,NALCO,SELL,1935,162.1,162.01895,313.50666825,signal
2025-04-21,2025-04-22,CLOSE,NALCO,BUY,1935,158.79,158.869395,307.412279325,session_end
2025-04-23,2025-04-24,OPEN,NALCO,BUY,1977,161.5,161.58075,319.44514275,signal
2025-04-23,2025-04-24,CLOSE,NALCO,SELL,1977,162.03,161.94898500000002,320.173143345,session_end
2025-04-24,2025-04-25,OPEN,NALCO,BUY,1963,162.75,162.83137499999998,319.63798912499993,signal
2025-04-24,2025-04-25,CLOSE,NALCO,SELL,1963,156.5,156.42175,307.05589525,session_end
2025-05-09,2025-05-12,OPEN,NALCO,SELL,1887,162.39,162.308805,306.276715035,signal
2025-05-09,2025-05-12,CLOSE,NALCO,BUY,1887,168.95,169.034475,318.96805432499997,session_end
2025-05-12,2025-05-13,OPEN,NALCO,SELL,1734,169.49,169.405255,293.74871217,signal
2025-05-12,2025-05-13,CLOSE,NALCO,BUY,1734,165.04,165.12251999999998,286.32244968,session_end
2025-05-13,2025-05-14,OPEN,NALCO,SELL,1808,166.1,166.01695,300.1586456,signal
2025-05-13,2025-05-14,CLOSE,NALCO,BUY,1808,173.16,173.24658,313.22981663999997,session_end
2025-05-16,2025-05-19,OPEN,NALCO,BUY,1626,177.0,177.08849999999998,287.945901,signal
2025-05-16,2025-05-19,CLOSE,NALCO,SELL,1626,181.93,181.83903500000002,295.67027091,session_end
2025-05-19,2025-05-20,OPEN,NALCO,BUY,1601,184.0,184.09199999999998,294.73129199999994,signal
2025-05-19,2025-05-20,CLOSE,NALCO,SELL,1601,179.07,178.980465,286.54772446500004,session_end
2025-05-20,2025-05-21,OPEN,NALCO,BUY,1590,180.05,180.140025,286.42263975000003,signal
2025-05-20,2025-05-21,CLOSE,NALCO,SELL,1590,181.75,181.65912500000002,288.83800875000003,session_end
2025-05-21,2025-05-22,OPEN,NALCO,BUY,1516,190.0,190.095,288.18402000000003,signal
2025-05-21,2025-05-22,CLOSE,NALCO,SELL,1516,184.95,184.857525,280.24400790000004,session_end
2025-05-22,2025-05-23,OPEN,NALCO,BUY,1501,186.5,186.59324999999998,280.07646824999995,signal
2025-05-22,2025-05-23,CLOSE,NALCO,SELL,1501,183.84,183.74808000000002,275.80586808000004,session_end
2025-05-26,2025-05-27,OPEN,NALCO,SELL,1498,183.54,183.44823,274.80544854,signal
2025-05-26,2025-05-27,CLOSE,NALCO,BUY,1498,181.95,182.04097499999997,272.69738054999993,session_end
2025-05-27,2025-05-28,OPEN,NALCO,SELL,1515,182.4,182.30880000000002,276.197832,signal
2025-05-27,2025-05-28,CLOSE,NALCO,BUY,1515,183.27,183.361635,277.792877025,session_end
2025-05-28,2025-05-29,OPEN,NALCO,SELL,1485,184.7,184.60765,274.14236025,signal
2025-05-28,2025-05-29,CLOSE,NALCO,BUY,1485,183.62,183.71180999999999,272.81203784999997,session_end
2025-05-29,2025-05-30,OPEN,NALCO,SELL,1497,183.75,183.658125,274.936213125,signal
2025-05-29,2025-05-30,CLOSE,NALCO,BUY,1497,180.35,180.44017499999998,270.1189419749999,session_end
2025-06-03,2025-06-04,OPEN,NALCO,SELL,1532,182.2,182.1089,278.9908348,signal
2025-06-03,2025-06-04,CLOSE,NALCO,BUY,1532,182.72,182.81135999999998,280.06700351999996,session_end
2025-06-10,2025-06-11,OPEN,NALCO,SELL,1453,191.0,190.9045,277.38423850000004,signal
2025-06-10,2025-06-11,CLOSE,NALCO,BUY,1453,190.01,190.10500499999998,276.222572265,session_end
2025-06-13,2025-06-16,OPEN,NALCO,BUY,1498,186.0,186.093,278.767314,signal
2025-06-13,2025-06-16,CLOSE,NALCO,SELL,1498,188.03,187.93598500000002,281.52810553,session_end
2025-06-17,2025-06-18,OPEN,NALCO,SELL,1508,185.9,185.80705,280.19703139999996,signal
2025-06-17,2025-06-18,CLOSE,NALCO,BUY,1508,186.19,186.28309499999997,280.91490725999995,session_end
2025-06-18,2025-06-19,OPEN,NALCO,SELL,1495,186.7,186.60665,278.97694175,signal
2025-06-18,2025-06-19,CLOSE,NALCO,BUY,1495,181.93,182.020965,272.12134267499994,session_end
2025-06-23,2025-06-24,OPEN,NALCO,BUY,1497,190.7,190.79534999999998,285.62063895,signal
2025-06-23,2025-06-24,CLOSE,NALCO,SELL,1497,189.75,189.655125,283.91372212499994,session_end
2025-06-24,2025-06-25,OPEN,NALCO,BUY,1483,191.0,191.0955,283.39462649999996,signal
2025-06-24,2025-06-25,CLOSE,NALCO,SELL,1483,187.94,187.84603,278.57566249,session_end
2025-06-25,2025-06-26,OPEN,NALCO,BUY,1473,188.9,188.99445,278.38882485,signal
2025-06-25,2025-06-26,CLOSE,NALCO,SELL,1473,193.59,193.49320500000002,285.01549096499997,session_end
2025-06-27,2025-06-30,OPEN,NALCO,BUY,1481,191.72,191.81586,284.07928866,signal
2025-06-27,2025-06-30,CLOSE,NALCO,SELL,1481,192.7,192.60365,285.24600565,session_end
2025-06-30,2025-07-01,OPEN,NALCO,SELL,1469,193.4,193.3033,283.9625477,signal
2025-06-30,2025-07-01,CLOSE,NALCO,BUY,1469,190.27,190.365135,279.646383315,session_end
2025-07-03,2025-07-04,OPEN,NALCO,SELL,1498,192.01,191.913995,287.48716450999996,signal
2025-07-03,2025-07-04,CLOSE,NALCO,BUY,1498,192.09,192.18604499999998,287.89469541,session_end
2025-07-04,2025-07-07,OPEN,NALCO,BUY,1495,192.0,192.096,287.18352000000004,signal
2025-07-04,2025-07-07,CLOSE,NALCO,SELL,1495,188.56,188.46572,281.7562514,session_end
2025-07-09,2025-07-10,OPEN,NALCO,BUY,1505,187.0,187.09349999999998,281.5757175,signal
2025-07-09,2025-07-10,CLOSE,NALCO,SELL,1505,188.95,188.855525,284.227565125,session_end
2025-07-10,2025-07-11,OPEN,NALCO,BUY,1505,188.35,188.44417499999997,283.60848337499993,signal
2025-07-10,2025-07-11,CLOSE,NALCO,SELL,1505,189.5,189.40525000000002,285.05490125000006,session_end
2025-07-11,2025-07-14,OPEN,NALCO,BUY,1504,189.0,189.09449999999998,284.398128,signal
2025-07-11,2025-07-14,CLOSE,NALCO,SELL,1504,189.47,189.375265,284.82039856,session_end
2025-07-14,2025-07-15,OPEN,NALCO,SELL,1497,189.51,189.415245,283.554621765,signal
2025-07-14,2025-07-15,CLOSE,NALCO,BUY,1497,190.48,190.57523999999998,285.29113428,session_end
2025-07-15,2025-07-16,OPEN,NALCO,SELL,1478,190.5,190.40475,281.4182205,signal
2025-07-15,2025-07-16,CLOSE,NALCO,BUY,1478,188.02,188.11401,278.03250678,session_end
2025-07-22,2025-07-23,OPEN,NALCO,SELL,1439,197.5,197.40125,284.06039875,signal
2025-07-22,2025-07-23,CLOSE,NALCO,BUY,1439,198.09,198.189045,285.194035755,session_end
2025-07-23,2025-07-24,OPEN,NALCO,SELL,1426,198.09,197.990955,282.33510183,signal
2025-07-23,2025-07-24,CLOSE,NALCO,BUY,1426,198.9,198.99945,283.77321570000004,session_end
2025-07-24,2025-07-25,OPEN,NALCO,BUY,1417,198.39,198.48919499999997,281.259189315,signal
2025-07-24,2025-07-25,CLOSE,NALCO,SELL,1417,193.66,193.56317,274.27901189,session_end
2025-07-28,2025-07-29,OPEN,NALCO,BUY,1461,187.5,187.59375,274.07446875,signal
2025-07-28,2025-07-29,CLOSE,NALCO,SELL,1461,189.68,189.58516000000003,276.98391876000005,session_end
2025-07-29,2025-07-30,OPEN,NALCO,BUY,1452,190.2,190.2951,276.3084852,signal
2025-07-29,2025-07-30,CLOSE,NALCO,SELL,1452,187.13,187.036435,271.57690362,session_end
2025-07-30,2025-07-31,OPEN,NALCO,BUY,1466,185.0,185.0925,271.345605,signal
2025-07-30,2025-07-31,CLOSE,NALCO,SELL,1466,185.06,184.96747000000002,271.16231102,session_end
2025-07-31,2025-08-01,OPEN,NALCO,BUY,1474,183.55,183.641775,270.68797635000004,signal
2025-07-31,2025-08-01,CLOSE,NALCO,SELL,1474,180.7,180.60965,266.21862409999994,session_end
2025-08-01,2025-08-04,OPEN,NALCO,SELL,1468,180.7,180.60965,265.13496619999995,signal
2025-08-01,2025-08-04,CLOSE,NALCO,BUY,1468,187.14,187.23357,274.85888076,session_end
2025-08-11,2025-08-12,OPEN,NALCO,BUY,1368,187.07,187.163535,256.03971587999996,signal
2025-08-11,2025-08-12,CLOSE,NALCO,SELL,1368,186.52,186.42674000000002,255.03178032,session_end
2025-08-12,2025-08-13,OPEN,NALCO,BUY,1358,187.5,187.59375,254.7523125,signal
2025-08-12,2025-08-13,CLOSE,NALCO,SELL,1358,189.94,189.84503,257.80955074,session_end
2025-08-13,2025-08-14,OPEN,NALCO,BUY,1353,189.94,190.03497,257.11731441,signal
2025-08-13,2025-08-14,CLOSE,NALCO,SELL,1353,187.58,187.48621000000003,253.66884213000006,session_end
2025-08-14,2025-08-18,OPEN,NALCO,SELL,1340,188.61,188.51569500000002,252.6110313,signal
2025-08-14,2025-08-18,CLOSE,NALCO,BUY,1340,188.33,188.42416500000002,252.48838110000003,session_end
2025-08-19,2025-08-20,OPEN,NALCO,SELL,1320,191.22,191.12439,252.2841948,signal
2025-08-19,2025-08-20,CLOSE,NALCO,BUY,1320,192.22,192.31610999999998,253.85726519999997,session_end
2025-08-20,2025-08-21,OPEN,NALCO,BUY,1305,192.22,192.31610999999998,250.97252355,signal
2025-08-20,2025-08-21,CLOSE,NALCO,SELL,1305,191.47,191.374265,249.743415825,session_end
2025-08-21,2025-08-22,OPEN,NALCO,SELL,1302,191.1,191.00445,248.68779389999997,signal
2025-08-21,2025-08-22,CLOSE,NALCO,BUY,1302,188.87,188.96443499999998,246.03169436999997,session_end
2025-08-22,2025-08-25,OPEN,NALCO,BUY,1323,189.9,189.99495,251.36331884999996,signal
2025-08-22,2025-08-25,CLOSE,NALCO,SELL,1323,190.41,190.314795,251.78647378500003,session_end
2025-08-25,2025-08-26,OPEN,NALCO,SELL,1324,189.5,189.40525000000002,250.77255100000002,signal
2025-08-25,2025-08-26,CLOSE,NALCO,BUY,1324,186.02,186.11301,246.41362524000002,session_end
2025-08-28,2025-08-29,OPEN,NALCO,SELL,1368,185.99,185.897005,254.30710284000003,signal
2025-08-28,2025-08-29,CLOSE,NALCO,BUY,1368,186.18,186.27309,254.82158712,session_end
2025-08-29,2025-09-01,OPEN,NALCO,BUY,1352,187.8,187.8939,254.0325528,signal
2025-08-29,2025-09-01,CLOSE,NALCO,SELL,1352,191.79,191.694105,259.17042996,session_end
2025-09-02,2025-09-03,OPEN,NALCO,SELL,1280,201.51,201.409245,257.8038336,signal
2025-09-02,2025-09-03,CLOSE,NALCO,BUY,1280,207.12,207.22356,265.2461568,session_end
2025-09-03,2025-09-04,OPEN,NALCO,SELL,1198,209.0,208.8955,250.25680899999998,signal
2025-09-03,2025-09-04,CLOSE,NALCO,BUY,1198,206.67,206.77333499999997,247.71445533,session_end
2025-09-04,2025-09-05,OPEN,NALCO,SELL,1219,207.0,206.8965,252.2068335,signal
2025-09-04,2025-09-05,CLOSE,NALCO,BUY,1219,212.14,212.24606999999997,258.72795933,session_end
2025-09-05,2025-09-08,OPEN,NALCO,SELL,1153,213.0,212.89350000000002,245.46620550000003,signal
2025-09-05,2025-09-08,CLOSE,NALCO,BUY,1153,210.56,210.66528,242.89706784,session_end
2025-09-08,2025-09-09,OPEN,NALCO,SELL,1176,210.61,210.50469500000003,247.55352132000002,signal
2025-09-08,2025-09-09,CLOSE,NALCO,BUY,1176,206.62,206.72331,243.10661256,session_end
2025-09-11,2025-09-12,OPEN,NALCO,SELL,1168,215.2,215.0924,251.2279232,signal
2025-09-11,2025-09-12,CLOSE,NALCO,BUY,1168,218.3,218.40915,255.10188720000005,session_end
2025-09-12,2025-09-15,OPEN,NALCO,BUY,1130,219.14,219.24956999999998,247.7520141,signal
2025-09-12,2025-09-15,CLOSE,NALCO,SELL,1130,216.79,216.681605,244.85021365,session_end
2025-09-15,2025-09-16,OPEN,NALCO,BUY,1126,217.0,217.1085,244.464171,signal
2025-09-15,2025-09-16,CLOSE,NALCO,SELL,1126,216.48,216.37176,243.63460175999998,session_end
2025-09-22,2025-09-23,OPEN,NALCO,SELL,1151,210.9,210.79455000000002,242.62452705,signal
2025-09-22,2025-09-23,CLOSE,NALCO,BUY,1151,208.84,208.94441999999998,240.49502741999999,session_end
2025-09-24,2025-09-25,OPEN,NALCO,SELL,1184,206.4,206.29680000000002,244.25541120000003,signal
2025-09-24,2025-09-25,CLOSE,NALCO,BUY,1184,205.61,205.712805,243.56396112000002,session_end
2025-09-25,2025-09-26,OPEN,NALCO,SELL,1189,205.6,205.4972,244.33617080000002,signal
2025-09-25,2025-09-26,CLOSE,NALCO,BUY,1189,200.58,200.68029,238.60886481000003,session_end
2025-09-26,2025-09-29,OPEN,NALCO,BUY,1243,201.0,201.10049999999998,249.9679215,signal
2025-09-26,2025-09-29,CLOSE,NALCO,SELL,1243,203.91,203.80804500000002,253.33339993500002,session_end
2025-09-29,2025-09-30,OPEN,NALCO,BUY,1237,204.2,204.30209999999997,252.72169769999994,signal
2025-09-29,2025-09-30,CLOSE,NALCO,SELL,1237,213.87,213.763065,264.424911405,session_end
2025-10-03,2025-10-06,OPEN,NALCO,BUY,1185,222.05,222.161025,263.260814625,signal
2025-10-03,2025-10-06,CLOSE,NALCO,SELL,1185,217.15,217.041425,257.194088625,session_end
2025-10-09,2025-10-10,OPEN,NALCO,SELL,1115,230.0,229.88500000000002,256.321775,signal
2025-10-09,2025-10-10,CLOSE,NALCO,BUY,1115,224.3,224.41215,250.21954725,session_end
2025-10-16,2025-10-17,OPEN,NALCO,BUY,1155,227.09,227.203545,262.420094475,signal
2025-10-16,2025-10-17,CLOSE,NALCO,SELL,1155,225.35,225.237325,260.14911037499996,session_end
2025-10-24,2025-10-27,OPEN,NALCO,SELL,1090,237.8,237.68110000000001,259.072399,signal
2025-10-24,2025-10-27,CLOSE,NALCO,BUY,1090,237.87,237.988935,259.40793915,session_end
2025-10-27,2025-10-28,OPEN,NALCO,SELL,1086,237.87,237.751065,258.19765659,signal
2025-10-27,2025-10-28,CLOSE,NALCO,BUY,1086,236.76,236.87837999999996,257.24992067999995,session_end
2025-10-28,2025-10-29,OPEN,NALCO,SELL,1087,238.0,237.881,258.576647,signal
2025-10-28,2025-10-29,CLOSE,NALCO,BUY,1087,238.1,238.21904999999998,258.94410734999997,session_end
2025-10-29,2025-10-30,OPEN,NALCO,SELL,1085,237.6,237.4812,257.667102,signal
2025-10-29,2025-10-30,CLOSE,NALCO,BUY,1085,238.08,238.19904,258.4459584,session_end
2025-10-30,2025-10-31,OPEN,NALCO,SELL,1088,235.9,235.78205000000003,256.53087039999997,signal
2025-10-30,2025-10-31,CLOSE,NALCO,BUY,1088,234.14,234.25706999999997,254.87169216,session_end
2025-10-31,2025-11-03,OPEN,NALCO,BUY,1089,237.0,237.11849999999998,258.2220465,signal
2025-10-31,2025-11-03,CLOSE,NALCO,SELL,1089,238.66,238.54067,259.77078963,session_end
2025-11-03,2025-11-04,OPEN,NALCO,SELL,1087,238.0,237.881,258.576647,signal
2025-11-03,2025-11-04,CLOSE,NALCO,BUY,1087,233.27,233.38663499999998,253.69127224499996,session_end
2025-11-04,2025-11-06,OPEN,NALCO,SELL,1127,233.27,233.15336500000004,262.76384235500007,signal
2025-11-04,2025-11-06,CLOSE,NALCO,BUY,1127,230.59,230.70529499999998,260.004867465,session_end
2025-11-10,2025-11-11,OPEN,NALCO,BUY,1029,258.0,258.12899999999996,265.614741,signal
2025-11-10,2025-11-11,CLOSE,NALCO,SELL,1029,265.66,265.52717,273.22745793,session_end
2025-11-11,2025-11-12,OPEN,NALCO,BUY,1025,265.5,265.63275,272.27356875,signal
2025-11-11,2025-11-12,CLOSE,NALCO,SELL,1025,266.95,266.816525,273.48693812499994,session_end
2025-11-12,2025-11-13,OPEN,NALCO,BUY,1021,267.0,267.13349999999997,272.74330349999997,signal
2025-11-12,2025-11-13,CLOSE,NALCO,SELL,1021,268.67,268.53566500000005,274.1749139650001,session_end
2025-11-13,2025-11-14,OPEN,NALCO,BUY,1039,263.2,263.3316,273.60153239999994,signal
2025-11-13,2025-11-14,CLOSE,NALCO,SELL,1039,262.57,262.438715,272.673824885,session_end
2025-11-14,2025-11-17,OPEN,NALCO,SELL,1035,262.5,262.36875000000003,271.55165625000006,signal
2025-11-14,2025-11-17,CLOSE,NALCO,BUY,1035,260.76,260.89038,270.0215433,session_end
2025-11-17,2025-11-18,OPEN,NALCO,SELL,1053,259.0,258.8705,272.59063649999996,signal
2025-11-17,2025-11-18,CLOSE,NALCO,BUY,1053,257.3,257.42865,271.07236845,session_end
2025-11-18,2025-11-19,OPEN,NALCO,SELL,1065,257.0,256.8715,273.5681475,signal
2025-11-18,2025-11-19,CLOSE,NALCO,BUY,1065,256.6,256.7283,273.4156395,session_end
2025-11-19,2025-11-20,OPEN,NALCO,SELL,1057,258.5,258.37075,273.09788274999994,signal
2025-11-19,2025-11-20,CLOSE,NALCO,BUY,1057,257.62,257.74881,272.44049216999997,session_end
2025-11-20,2025-11-21,OPEN,NALCO,SELL,1068,255.98,255.85201,273.24994668,signal
2025-11-20,2025-11-21,CLOSE,NALCO,BUY,1068,250.68,250.80534,267.86010312,session_end
2025-11-28,2025-12-01,OPEN,NALCO,BUY,1054,264.1,264.23205,278.5005807,signal
2025-11-28,2025-12-01,CLOSE,NALCO,SELL,1054,263.8,263.66810000000004,277.90617740000005,session_end
2025-12-03,2025-12-04,OPEN,NALCO,BUY,1035,268.0,268.13399999999996,277.51868999999994,signal
2025-12-03,2025-12-04,CLOSE,NALCO,SELL,1035,269.25,269.11537500000003,278.534413125,session_end
2025-12-05,2025-12-08,OPEN,NALCO,SELL,1012,273.9,273.76304999999996,277.04820659999996,signal
2025-12-05,2025-12-08,CLOSE,NALCO,BUY,1012,268.35,268.484175,271.70598509999996,session_end
2025-12-08,2025-12-09,OPEN,NALCO,SELL,1057,266.55,266.41672500000004,281.60247832500005,signal
2025-12-08,2025-12-09,CLOSE,NALCO,BUY,1057,265.65,265.78282499999995,280.93244602499993,session_end
2025-12-09,2025-12-10,OPEN,NALCO,BUY,1066,265.0,265.1325,282.63124500000004,signal
2025-12-09,2025-12-10,CLOSE,NALCO,SELL,1066,263.0,262.86850000000004,280.217821,session_end
2025-12-19,2025-12-22,OPEN,NALCO,BUY,995,281.0,281.1405,279.73479749999996,signal
2025-12-19,2025-12-22,CLOSE,NALCO,SELL,995,290.3,290.15485,288.70407575,session_end
2025-12-29,2025-12-30,OPEN,NALCO,SELL,963,298.0,297.851,286.830513,signal
2025-12-29,2025-12-30,CLOSE,NALCO,BUY,963,316.6,316.7583,305.0382429,session_end
2025-12-30,2025-12-31,OPEN,NALCO,BUY,848,318.05,318.209025,269.8412532,signal
2025-12-30,2025-12-31,CLOSE,NALCO,SELL,848,314.3,314.14285,266.39313680000004,session_end
2025-12-31,2026-01-01,OPEN,NALCO,BUY,843,315.5,315.65774999999996,266.09948325,signal
2025-12-31,2026-01-01,CLOSE,NALCO,SELL,843,314.6,314.44270000000006,265.0751961000001,session_end
2026-01-01,2026-01-02,OPEN,NALCO,BUY,836,316.2,316.3581,264.47537159999996,signal
2026-01-01,2026-01-02,CLOSE,NALCO,SELL,836,330.3,330.13485000000003,275.99273460000006,session_end
2026-01-02,2026-01-05,OPEN,NALCO,SELL,826,332.0,331.834,274.09488400000004,signal
2026-01-02,2026-01-05,CLOSE,NALCO,BUY,826,330.8,330.9654,273.3774204,session_end
2026-01-05,2026-01-06,OPEN,NALCO,BUY,825,333.4,333.56669999999997,275.1925274999999,signal
2026-01-05,2026-01-06,CLOSE,NALCO,SELL,825,346.7,346.52665,285.88448625,session_end
2026-01-06,2026-01-07,OPEN,NALCO,SELL,810,350.8,350.62460000000004,284.00592600000004,signal
2026-01-06,2026-01-07,CLOSE,NALCO,BUY,810,352.6,352.7763,285.748803,session_end
2026-01-07,2026-01-08,OPEN,NALCO,SELL,810,348.0,347.826,281.73906,signal
2026-01-07,2026-01-08,CLOSE,NALCO,BUY,810,333.5,333.66675,270.2700675,session_end
2026-01-08,2026-01-09,OPEN,NALCO,SELL,883,330.85,330.68457500000005,291.994479725,signal
2026-01-08,2026-01-09,CLOSE,NALCO,BUY,883,348.05,348.224025,307.48181407500005,session_end
2026-01-09,2026-01-12,OPEN,NALCO,SELL,787,352.0,351.824,276.885488,signal
2026-01-09,2026-01-12,CLOSE,NALCO,BUY,787,350.05,350.225025,275.627094675,session_end
2026-01-12,2026-01-13,OPEN,NALCO,SELL,787,353.0,352.8235,277.6720945,signal
2026-01-12,2026-01-13,CLOSE,NALCO,BUY,787,357.4,357.57869999999997,281.4144369,session_end
2026-01-13,2026-01-14,OPEN,NALCO,SELL,762,359.0,358.82050000000004,273.421221,signal
2026-01-13,2026-01-14,CLOSE,NALCO,BUY,762,373.55,373.73677499999997,284.78742255,session_end
2026-01-14,2026-01-16,OPEN,NALCO,SELL,716,366.25,366.06687500000004,262.1038825,signal
2026-01-14,2026-01-16,CLOSE,NALCO,BUY,716,361.6,361.7808,259.0350528,session_end
2026-01-16,2026-01-19,OPEN,NALCO,SELL,729,363.0,362.81850000000003,264.4946865,signal
2026-01-16,2026-01-19,CLOSE,NALCO,BUY,729,368.65,368.834325,268.880222925,session_end
2026-01-19,2026-01-20,OPEN,NALCO,SELL,708,367.5,367.31625,260.059905,signal
2026-01-19,2026-01-20,CLOSE,NALCO,BUY,708,358.95,359.12947499999996,254.26366829999998,session_end
2026-01-22,2026-01-23,OPEN,NALCO,BUY,724,366.85,367.033425,265.7321997,signal
2026-01-22,2026-01-23,CLOSE,NALCO,SELL,724,370.65,370.464675,268.21642469999995,session_end
2026-01-27,2026-01-28,OPEN,NALCO,BUY,688,388.3,388.49415,267.2839752,signal
2026-01-27,2026-01-28,CLOSE,NALCO,SELL,688,406.15,405.946925,279.2914844,session_end
2026-01-28,2026-01-29,OPEN,NALCO,BUY,675,411.9,412.10594999999995,278.17151624999997,signal
2026-01-28,2026-01-29,CLOSE,NALCO,SELL,675,428.85,428.6355750000001,289.3290131250001,session_end
2026-01-30,2026-02-01,OPEN,NALCO,BUY,817,353.0,353.1765,288.54520049999996,signal
2026-01-30,2026-02-01,CLOSE,NALCO,SELL,817,354.2,354.0229,289.2367093,session_end
2026-02-06,2026-02-09,OPEN,NALCO,SELL,804,358.25,358.070875,287.8889835,signal
2026-02-06,2026-02-09,CLOSE,NALCO,BUY,804,365.2,365.38259999999997,293.7676103999999,session_end
2026-02-12,2026-02-13,OPEN,NALCO,SELL,783,360.0,359.82,281.73906,signal
2026-02-12,2026-02-13,CLOSE,NALCO,BUY,783,349.3,349.47465,273.63865094999994,session_end
2026-02-20,2026-02-23,OPEN,NALCO,SELL,838,345.0,344.82750000000004,288.96544500000005,signal
2026-02-20,2026-02-23,CLOSE,NALCO,BUY,838,338.95,339.11947499999997,284.18212005,session_end
2026-02-23,2026-02-24,OPEN,NALCO,SELL,863,339.4,339.2303,292.7557489,signal
2026-02-23,2026-02-24,CLOSE,NALCO,BUY,863,343.0,343.1715,296.15700449999997,session_end
2026-02-27,2026-03-02,OPEN,NALCO,SELL,846,341.85,341.67907500000007,289.06049745000007,signal
2026-02-27,2026-03-02,CLOSE,NALCO,BUY,846,362.85,363.031425,307.12458555,session_end
2026-03-04,2026-03-05,OPEN,NALCO,SELL,720,377.0,376.8115,271.30428,signal
2026-03-04,2026-03-05,CLOSE,NALCO,BUY,720,395.95,396.147975,285.22654199999994,session_end
2026-03-05,2026-03-06,OPEN,NALCO,SELL,658,392.0,391.80400000000003,257.80703200000005,signal
2026-03-05,2026-03-06,CLOSE,NALCO,BUY,658,396.15,396.34807499999994,260.79703335,session_end
2026-03-06,2026-03-09,OPEN,NALCO,SELL,643,396.0,395.802,254.50068600000003,signal
2026-03-06,2026-03-09,CLOSE,NALCO,BUY,643,388.1,388.29405,249.67307415000005,session_end
2026-03-10,2026-03-11,OPEN,NALCO,SELL,660,392.0,391.80400000000003,258.59064000000006,signal
2026-03-10,2026-03-11,CLOSE,NALCO,BUY,660,397.75,397.948875,262.64625750000005,session_end
2026-03-11,2026-03-12,OPEN,NALCO,SELL,630,403.5,403.29825,254.0778975,signal
2026-03-11,2026-03-12,CLOSE,NALCO,BUY,630,409.15,409.35457499999995,257.89338225,session_end
2026-03-12,2026-03-13,OPEN,NALCO,SELL,612,408.65,408.445675,249.9687531,signal
2026-03-12,2026-03-13,CLOSE,NALCO,BUY,612,387.35,387.543675,237.17672910000002,session_end
2026-03-16,2026-03-17,OPEN,NALCO,BUY,697,376.0,376.188,262.20303599999994,signal
2026-03-16,2026-03-17,CLOSE,NALCO,SELL,697,395.15,394.952425,275.281840225,session_end
2026-03-17,2026-03-18,OPEN,NALCO,SELL,698,392.0,391.80400000000003,273.479192,signal
2026-03-17,2026-03-18,CLOSE,NALCO,BUY,698,387.65,387.843825,270.71498985,session_end
2026-03-18,2026-03-19,OPEN,NALCO,BUY,733,377.0,377.1885,276.4791705,signal
2026-03-18,2026-03-19,CLOSE,NALCO,SELL,733,377.0,376.8115,276.2028295,session_end
2026-03-19,2026-03-20,OPEN,NALCO,SELL,745,369.05,368.865475,274.804778875,signal
2026-03-19,2026-03-20,CLOSE,NALCO,BUY,745,368.5,368.68424999999996,274.66976624999995,session_end
2026-03-20,2026-03-23,OPEN,NALCO,BUY,769,357.5,357.67875,275.05495874999997,signal
2026-03-20,2026-03-23,CLOSE,NALCO,SELL,769,349.75,349.575125,268.823271125,session_end
