stock,driver,n_daily,start,end,price_level_corr,daily_return_corr,daily_spearman_corr,daily_corr_ci_low,daily_corr_ci_high,corr_before_2025,corr_2025_onward,n_weekly,weekly_return_corr,n_monthly,monthly_return_corr
NALCO,HINDALCO,1553,2020-01-02,2026-04-08,0.9358094571349683,0.6658260576045042,0.6701234408596684,0.6165015385752426,0.7114360086081764,0.6606538491475953,0.7176877836502922,326,0.6425772299327327,74,0.6787222853349111
NALCO,VEDANTA,1555,2020-01-02,2026-04-08,0.9395220370056984,0.6097104253326184,0.6079843134547326,0.5480992311425306,0.6635166030828987,0.5901001898293342,0.7342180077285474,326,0.5930471414195027,74,0.6079017349574127
NALCO,LME,1508,2020-01-03,2026-04-08,0.6700254045187273,0.2474112680315166,0.23107454645989584,0.19559010946496957,0.29650710557807275,0.23997240871172706,0.2879242171990612,326,0.4230825200695287,74,0.6038015786696692
NALCO,DXY,1542,2020-01-02,2026-04-08,0.23583198670281902,-0.048875694190849764,-0.06837488145584905,-0.10831881569080168,-0.002077942815281841,-0.04908310147891696,-0.04672838517715619,326,-0.1307191440421815,74,-0.2923667955929598
NALCO,HONGQIAO,1469,2020-01-03,2026-04-08,0.8610285589893955,0.2994649948792184,0.3038286306781645,0.23226013958994066,0.36048969212378584,0.25105533198141217,0.5273666100086429,326,0.3554594641624666,74,0.30622529324621295
NALCO,CHALCO,1469,2020-01-03,2026-04-08,0.88767198285505,0.35557485697289004,0.34292082435605264,0.28452033216725775,0.41943392418681463,0.3223690849177226,0.5146900626683109,326,0.47681738170415916,74,0.507386225436613
HINDALCO,NALCO,1553,2020-01-02,2026-04-08,0.9358094571349683,0.6658260576045041,0.6701234408596684,,,0.6606538491475953,0.7176877836502922,326,0.6425772299327327,74,0.678722285334911
HINDALCO,VEDANTA,1554,2020-01-02,2026-04-08,0.9586970713797995,0.6267383684424374,0.6025515954793533,,,0.6151527470487844,0.7195518218555932,326,0.649082427484869,74,0.7515330103142862
HINDALCO,LME,1506,2020-01-03,2026-04-08,0.7750281988257424,0.2746747667093646,0.2777024937954824,,,0.26837552792733654,0.3221601139445148,326,0.4729016330073799,74,0.651299875156235
HINDALCO,DXY,1540,2020-01-02,2026-04-08,0.2960571199081394,-0.14714749505067182,-0.14748521027391417,,,-0.14450454500666768,-0.1720261506140794,326,-0.2780873689828276,74,-0.39346487558421134
HINDALCO,HONGQIAO,1467,2020-01-03,2026-04-08,0.7960892045776912,0.3748026215724113,0.37014618556118384,,,0.34903098035985824,0.537759452110739,326,0.43859762968412347,74,0.5238688455109504
HINDALCO,CHALCO,1467,2020-01-03,2026-04-08,0.8486917350077331,0.42506506250599374,0.4142919739974392,,,0.4057305158823252,0.5518053701431023,326,0.517884019370514,74,0.6602783303225119
VEDANTA,NALCO,1555,2020-01-02,2026-04-08,0.9395220370056984,0.6097104253326184,0.6079843134547326,,,0.5901001898293342,0.7342180077285474,326,0.5930471414195027,74,0.6079017349574127
VEDANTA,HINDALCO,1554,2020-01-02,2026-04-08,0.9586970713797994,0.6267383684424374,0.6025515954793532,,,0.6151527470487845,0.7195518218555932,326,0.649082427484869,74,0.7515330103142861
VEDANTA,LME,1508,2020-01-03,2026-04-08,0.8091181631163269,0.19582012453927905,0.21562489404865576,,,0.18611037838672495,0.25935998523424525,326,0.29518438540348113,74,0.46404292508895734
VEDANTA,DXY,1542,2020-01-02,2026-04-08,0.24687080098803457,-0.05900002491425865,-0.08241769465046388,,,-0.038630960821182565,-0.1632888793867365,326,-0.13188342260970784,74,-0.2649849560567019
VEDANTA,HONGQIAO,1469,2020-01-03,2026-04-08,0.8229697224454546,0.28473688492325766,0.28142070794666063,,,0.24575986056454555,0.5053256342248623,326,0.2895846971025596,74,0.354622647480117
VEDANTA,CHALCO,1469,2020-01-03,2026-04-08,0.8554024461930152,0.32175781861056435,0.30081725841767276,,,0.2884708626521586,0.514010315867434,326,0.35822915092029023,74,0.4017647527312701
