target,period,model,n_train,n_test,test_start,test_end,rmse_pct,mae_pct,mse_skill_vs_train_mean,direction_accuracy,always_up_accuracy,prediction_target_corr
target_next_close,2023,train_mean,724,245,2023-01-02,2023-12-29,2.016501860416397,1.4079427608253017,0.0,0.5102040816326531,0.5102040816326531,
target_next_close,2023,zero_return,724,245,2023-01-02,2023-12-29,2.0226748269593084,1.4085000440798174,-0.006131821730489095,0.4897959183673469,0.5102040816326531,
target_next_close,2023,NALCO_only,724,245,2023-01-02,2023-12-29,2.0221165504557574,1.4106841974248723,-0.005576495455636543,0.4530612244897959,0.5102040816326531,0.08056713857002655
target_next_close,2023,NALCO_LME_DXY,724,245,2023-01-02,2023-12-29,2.075163763654785,1.460893701079384,-0.059028130748335794,0.47346938775510206,0.5102040816326531,-0.04160617174861769
target_next_close,2023,NALCO_all_external,724,245,2023-01-02,2023-12-29,2.0811531605528066,1.4733776903530238,-0.06515014723632917,0.4897959183673469,0.5102040816326531,-0.026167771587391243
target_next_close,2024,train_mean,970,248,2024-01-01,2024-12-31,3.125015467119659,2.1853777579855738,0.0,0.5403225806451613,0.5403225806451613,
target_next_close,2024,zero_return,970,248,2024-01-01,2024-12-31,3.1294795598455902,2.1927904854313693,-0.0028590458235946414,0.4596774193548387,0.5403225806451613,
target_next_close,2024,NALCO_only,970,248,2024-01-01,2024-12-31,3.103089619652552,2.1734912618562348,0.01398324535142692,0.5483870967741935,0.5403225806451613,0.17971878866626215
target_next_close,2024,NALCO_LME_DXY,970,248,2024-01-01,2024-12-31,3.104138844153811,2.175556505400836,0.013316343671306297,0.5241935483870968,0.5403225806451613,0.12127481016717281
target_next_close,2024,NALCO_all_external,970,248,2024-01-01,2024-12-31,3.0916573439404895,2.1604194138737056,0.021235147223023332,0.5645161290322581,0.5403225806451613,0.15192693414219427
target_next_close,2025,train_mean,1219,248,2025-01-01,2025-12-31,2.3904419422845056,1.7783428401471286,0.0,0.5040322580645161,0.5040322580645161,
target_next_close,2025,zero_return,1219,248,2025-01-01,2025-12-31,2.395333750356512,1.7788299714471651,-0.004096994192802406,0.4959677419354839,0.5040322580645161,
target_next_close,2025,NALCO_only,1219,248,2025-01-01,2025-12-31,2.39943627921908,1.7805587040717192,-0.007539407616879323,0.4798387096774194,0.5040322580645161,-0.0032693231047577318
target_next_close,2025,NALCO_LME_DXY,1219,248,2025-01-01,2025-12-31,2.405667058491965,1.772017352761732,-0.012778893782390721,0.5161290322580645,0.5040322580645161,0.00043715974287364683
target_next_close,2025,NALCO_all_external,1219,248,2025-01-01,2025-12-31,2.385692709003057,1.764428758441926,0.0039695718229422194,0.5362903225806451,0.5040322580645161,0.09557726460989804
target_next_close,2026_partial,train_mean,1468,64,2026-01-01,2026-04-08,3.4413496222249464,2.673525149656348,0.0,0.65625,0.65625,
target_next_close,2026_partial,zero_return,1468,64,2026-01-01,2026-04-08,3.453508908337568,2.713414312963455,-0.007079064083348907,0.34375,0.65625,
target_next_close,2026_partial,NALCO_only,1468,64,2026-01-01,2026-04-08,3.4580682649051737,2.673967015546723,-0.009739930828560173,0.671875,0.65625,-0.07660025543120962
target_next_close,2026_partial,NALCO_LME_DXY,1468,64,2026-01-01,2026-04-08,3.470651778138417,2.6843682790958145,-0.017101956550316544,0.609375,0.65625,-0.06009898090936056
target_next_close,2026_partial,NALCO_all_external,1468,64,2026-01-01,2026-04-08,3.4820393085659482,2.7041484145883574,-0.023787317967370214,0.546875,0.65625,-0.07841923487138538
target_next_close,2025_onward_fixed,train_mean,1219,313,2025-01-01,2026-04-08,2.6362023011065263,1.9560815944120749,0.0,0.536741214057508,0.536741214057508,
target_next_close,2025_onward_fixed,zero_return,1219,313,2025-01-01,2026-04-08,2.642881886418094,1.9645487336441652,-0.005074001828225594,0.46325878594249204,0.536741214057508,
target_next_close,2025_onward_fixed,NALCO_only,1219,313,2025-01-01,2026-04-08,2.6486742362118,1.959403294710714,-0.009484429635179481,0.5143769968051118,0.536741214057508,-0.02157389016244116
target_next_close,2025_onward_fixed,NALCO_LME_DXY,1219,313,2025-01-01,2026-04-08,2.6584022952277295,1.9570433461229952,-0.016913322196739466,0.5175718849840255,0.536741214057508,-0.020121763004552918
target_next_close,2025_onward_fixed,NALCO_all_external,1219,313,2025-01-01,2026-04-08,2.647437817236825,1.9537543894042224,-0.008542181347132694,0.5303514376996805,0.536741214057508,0.04468132084477477
target_next_intraday,2023,train_mean,724,245,2023-01-02,2023-12-29,1.865495646916406,1.2803241721146779,0.0,0.5387755102040817,0.46122448979591835,
target_next_intraday,2023,zero_return,724,245,2023-01-02,2023-12-29,1.8654448102595411,1.283362880148517,5.450129489559252e-05,0.5387755102040817,0.46122448979591835,
target_next_intraday,2023,NALCO_only,724,245,2023-01-02,2023-12-29,1.8638833399829056,1.2687203885597698,0.0017278091164895093,0.5551020408163265,0.46122448979591835,0.09654464248966872
target_next_intraday,2023,NALCO_LME_DXY,724,245,2023-01-02,2023-12-29,1.9121965420528413,1.3147582076203728,-0.050694785896955086,0.5428571428571428,0.46122448979591835,0.007693034439316396
target_next_intraday,2023,NALCO_all_external,724,245,2023-01-02,2023-12-29,1.9162074231908102,1.3092529687938863,-0.055107126903064074,0.5510204081632653,0.46122448979591835,0.015389356298657895
target_next_intraday,2024,train_mean,970,248,2024-01-01,2024-12-31,2.8556123735729315,1.9981660627549704,0.0,0.5524193548387096,0.4475806451612903,
target_next_intraday,2024,zero_return,970,248,2024-01-01,2024-12-31,2.8643358192979287,2.007424259612126,-0.006119016839778446,0.5524193548387096,0.4475806451612903,
target_next_intraday,2024,NALCO_only,970,248,2024-01-01,2024-12-31,2.833325817809554,1.983390406839883,0.015548040436914268,0.5685483870967742,0.4475806451612903,0.1349864275671292
target_next_intraday,2024,NALCO_LME_DXY,970,248,2024-01-01,2024-12-31,2.8432293214339177,1.9941287054639996,0.008653977952117087,0.532258064516129,0.4475806451612903,0.0904402540364491
target_next_intraday,2024,NALCO_all_external,970,248,2024-01-01,2024-12-31,2.833468244483757,1.9867977455302892,0.015449064356047204,0.5645161290322581,0.4475806451612903,0.11873963699902808
target_next_intraday,2025,train_mean,1219,248,2025-01-01,2025-12-31,2.1893739769233767,1.6340186059937316,0.0,0.5,0.5,
target_next_intraday,2025,zero_return,1219,248,2025-01-01,2025-12-31,2.1839344955057305,1.6297961524088596,0.004962810649766669,0.5,0.5,
target_next_intraday,2025,NALCO_only,1219,248,2025-01-01,2025-12-31,2.188307363024168,1.6350326449363677,0.0009741178028630504,0.5120967741935484,0.5,0.07310512447571202
target_next_intraday,2025,NALCO_LME_DXY,1219,248,2025-01-01,2025-12-31,2.185560339383928,1.6215249865990125,0.0034807356995458782,0.5564516129032258,0.5,0.08078346529008727
target_next_intraday,2025,NALCO_all_external,1219,248,2025-01-01,2025-12-31,2.189186927144732,1.626974038340547,0.00017086326072268676,0.5604838709677419,0.5,0.08664403370714695
target_next_intraday,2026_partial,train_mean,1468,64,2026-01-01,2026-04-08,2.7810936464475238,2.147562616097266,0.0,0.40625,0.59375,
target_next_intraday,2026_partial,zero_return,1468,64,2026-01-01,2026-04-08,2.753701291963977,2.1192682661912117,0.019601967848509205,0.40625,0.59375,
target_next_intraday,2026_partial,NALCO_only,1468,64,2026-01-01,2026-04-08,2.7871133893488693,2.171927556353986,-0.004333732412719282,0.4375,0.59375,0.10563088182364189
target_next_intraday,2026_partial,NALCO_LME_DXY,1468,64,2026-01-01,2026-04-08,2.782830616391892,2.1751727879445832,-0.0012495173405717708,0.4375,0.59375,0.07577390176826676
target_next_intraday,2026_partial,NALCO_all_external,1468,64,2026-01-01,2026-04-08,2.773250886251278,2.1689315210603506,0.005632102181853504,0.484375,0.59375,0.1097841641832958
target_next_intraday,2025_onward_fixed,train_mean,1219,313,2025-01-01,2026-04-08,2.3210211912787693,1.7358036563995274,0.0,0.48242811501597443,0.5175718849840255,
target_next_intraday,2025_onward_fixed,zero_return,1219,313,2025-01-01,2026-04-08,2.3086437582620762,1.7255855717870405,0.010637067999001326,0.48242811501597443,0.5175718849840255,
target_next_intraday,2025_onward_fixed,NALCO_only,1219,313,2025-01-01,2026-04-08,2.322554574880293,1.74120908717236,-0.0013217372788667525,0.5047923322683706,0.5175718849840255,0.07220060698230549
target_next_intraday,2025_onward_fixed,NALCO_LME_DXY,1219,313,2025-01-01,2026-04-08,2.320691014756219,1.7335928476603715,0.00028448946453796253,0.5399361022364217,0.5175718849840255,0.07144148801509885
target_next_intraday,2025_onward_fixed,NALCO_all_external,1219,313,2025-01-01,2026-04-08,2.3226126982185997,1.7380018826748964,-0.001371855274772349,0.549520766773163,0.5175718849840255,0.08218558787262309
target_next_5close,2023,train_mean,720,241,2023-01-02,2023-12-29,4.499416439343329,3.2096977963756435,0.0,0.5726141078838174,0.5726141078838174,
target_next_5close,2023,zero_return,720,241,2023-01-02,2023-12-29,4.555797054942053,3.2520030663514867,-0.02521831853651757,0.42738589211618255,0.5726141078838174,
target_next_5close,2023,NALCO_only,720,241,2023-01-02,2023-12-29,4.602095525625611,3.3051847835725394,-0.046161844975766586,0.3941908713692946,0.5726141078838174,-0.16741286136411468
target_next_5close,2023,NALCO_LME_DXY,720,241,2023-01-02,2023-12-29,5.2405849239298234,3.8725981986604054,-0.35658541885657025,0.37344398340248963,0.5726141078838174,-0.28220916485754144
target_next_5close,2023,NALCO_all_external,720,241,2023-01-02,2023-12-29,5.196177024069427,3.840055728559185,-0.33369184306553823,0.4066390041493776,0.5726141078838174,-0.23109217448830585
target_next_5close,2024,train_mean,966,244,2024-01-01,2024-12-31,6.618008011378073,5.150687718239756,0.0,0.6024590163934426,0.6024590163934426,
target_next_5close,2024,zero_return,966,244,2024-01-01,2024-12-31,6.675261588826174,5.25077711510626,-0.017377202580159068,0.3975409836065574,0.6024590163934426,
target_next_5close,2024,NALCO_only,966,244,2024-01-01,2024-12-31,6.582972756128277,5.107103557214097,0.010559829524956932,0.6024590163934426,0.6024590163934426,0.18729377836072258
target_next_5close,2024,NALCO_LME_DXY,966,244,2024-01-01,2024-12-31,6.628748167025905,5.1767261408939325,-0.0032483703732639757,0.5409836065573771,0.6024590163934426,0.06483861939251395
target_next_5close,2024,NALCO_all_external,966,244,2024-01-01,2024-12-31,6.795990883650066,5.330438254417134,-0.05451071771681981,0.5,0.6024590163934426,-0.05376075807589083
target_next_5close,2025,train_mean,1215,244,2025-01-01,2025-12-31,5.376981459170093,3.975512770722551,0.0,0.5819672131147541,0.5819672131147541,
target_next_5close,2025,zero_return,1215,244,2025-01-01,2025-12-31,5.432928182482387,4.03410363364006,-0.020917975101045982,0.4180327868852459,0.5819672131147541,
target_next_5close,2025,NALCO_only,1215,244,2025-01-01,2025-12-31,5.371643891899907,3.9764714002994586,0.001984354266310606,0.5614754098360656,0.5819672131147541,0.07374587510549743
target_next_5close,2025,NALCO_LME_DXY,1215,244,2025-01-01,2025-12-31,5.424744705032252,4.051344668524574,-0.01784472739923082,0.5573770491803278,0.5819672131147541,-0.017241462243460254
target_next_5close,2025,NALCO_all_external,1215,244,2025-01-01,2025-12-31,5.300409194192499,3.9519789089580226,0.02827870700238233,0.5901639344262295,0.5819672131147541,0.18356045906194604
target_next_5close,2026_partial,train_mean,1464,60,2026-01-01,2026-04-08,6.638609996657986,5.589691858976434,0.0,0.5833333333333334,0.5833333333333334,
target_next_5close,2026_partial,zero_return,1464,60,2026-01-01,2026-04-08,6.762939756686935,5.682440603933424,-0.03780731252319902,0.4166666666666667,0.5833333333333334,
target_next_5close,2026_partial,NALCO_only,1464,60,2026-01-01,2026-04-08,6.683460403015348,5.720151828625091,-0.013557630560669276,0.5666666666666667,0.5833333333333334,-0.08990438895662242
target_next_5close,2026_partial,NALCO_LME_DXY,1464,60,2026-01-01,2026-04-08,6.727804538474406,5.761182818992074,-0.027051969780703677,0.5333333333333333,0.5833333333333334,-0.12427728190949514
target_next_5close,2026_partial,NALCO_all_external,1464,60,2026-01-01,2026-04-08,6.562421622189782,5.5993640740267265,0.02282139919697257,0.6,0.5833333333333334,0.10468116282852721
target_next_5close,2025_onward_fixed,train_mean,1215,309,2025-01-01,2026-04-08,5.700983781073896,4.355676817618493,0.0,0.5889967637540453,0.5889967637540453,
target_next_5close,2025_onward_fixed,zero_return,1215,309,2025-01-01,2026-04-08,5.786124311923282,4.430476616438703,-0.030091750376152193,0.4110032362459547,0.5889967637540453,
target_next_5close,2025_onward_fixed,NALCO_only,1215,309,2025-01-01,2026-04-08,5.720034291910237,4.390424515614429,-0.006694402698008917,0.5663430420711975,0.5889967637540453,0.022235049317721342
target_next_5close,2025_onward_fixed,NALCO_LME_DXY,1215,309,2025-01-01,2026-04-08,5.7792550636717515,4.468287728003667,-0.027647366083640712,0.5533980582524272,0.5889967637540453,-0.05957401945720123
target_next_5close,2025_onward_fixed,NALCO_all_external,1215,309,2025-01-01,2026-04-08,5.659833361813129,4.371384062116241,0.014384150658796502,0.5857605177993528,0.5889967637540453,0.13723507479872116
target_next_20close,2023,train_mean,705,226,2023-01-02,2023-12-29,7.216660807284517,5.412586967370522,0.0,0.5442477876106194,0.5442477876106194,
target_next_20close,2023,zero_return,705,226,2023-01-02,2023-12-29,7.532493048852332,5.408458969565209,-0.08944395242663439,0.4557522123893805,0.5442477876106194,
target_next_20close,2023,NALCO_only,705,226,2023-01-02,2023-12-29,7.5988657882788555,5.593402722441769,-0.10872786201711393,0.5442477876106194,0.5442477876106194,-0.4603641872120188
target_next_20close,2023,NALCO_LME_DXY,705,226,2023-01-02,2023-12-29,8.797524103859637,6.740519137967745,-0.4861010605275462,0.4778761061946903,0.5442477876106194,-0.003953354203158903
target_next_20close,2023,NALCO_all_external,705,226,2023-01-02,2023-12-29,8.739083779658069,6.629849405221858,-0.46642284915787346,0.5088495575221239,0.5442477876106194,-0.002829517724769517
target_next_20close,2024,train_mean,951,229,2024-01-01,2024-12-31,11.156847573074534,8.699234633347151,0.0,0.6943231441048034,0.6943231441048034,
target_next_20close,2024,zero_return,951,229,2024-01-01,2024-12-31,11.816766056383237,9.3250130623042,-0.12179700409698357,0.3056768558951965,0.6943231441048034,
target_next_20close,2024,NALCO_only,951,229,2024-01-01,2024-12-31,11.08332521933065,8.59976550652471,0.013136345423510942,0.6943231441048034,0.6943231441048034,0.08480670481037778
target_next_20close,2024,NALCO_LME_DXY,951,229,2024-01-01,2024-12-31,10.497155852367104,8.303116063970734,0.11476150508625493,0.7205240174672489,0.6943231441048034,0.3864186973760837
target_next_20close,2024,NALCO_all_external,951,229,2024-01-01,2024-12-31,10.686913561905556,8.43526222809348,0.08246720912934502,0.6768558951965066,0.6943231441048034,0.33853943824746424
target_next_20close,2025,train_mean,1200,229,2025-01-01,2025-12-31,9.817846677386894,7.741304374075246,0.0,0.6331877729257642,0.6331877729257642,
target_next_20close,2025,zero_return,1200,229,2025-01-01,2025-12-31,10.234962757991182,8.254674470324344,-0.08677600827956233,0.36681222707423583,0.6331877729257642,
target_next_20close,2025,NALCO_only,1200,229,2025-01-01,2025-12-31,9.785339325680816,7.708603794650877,0.0066111309512078,0.6331877729257642,0.6331877729257642,0.09274414419012954
target_next_20close,2025,NALCO_LME_DXY,1200,229,2025-01-01,2025-12-31,10.829982715998282,8.635230072531579,-0.21681074453777005,0.6069868995633187,0.6331877729257642,-0.4189499708327685
target_next_20close,2025,NALCO_all_external,1200,229,2025-01-01,2025-12-31,10.707609902566123,8.54700871400569,-0.18946752736693329,0.611353711790393,0.6331877729257642,-0.36371094939837645
target_next_20close,2026_partial,train_mean,1449,45,2026-01-01,2026-04-08,7.560836780891904,6.073024667005248,0.0,0.7333333333333333,0.7333333333333333,
target_next_20close,2026_partial,zero_return,1449,45,2026-01-01,2026-04-08,8.127496313942464,7.039633170398167,-0.15551034161219257,0.26666666666666666,0.7333333333333333,
target_next_20close,2026_partial,NALCO_only,1449,45,2026-01-01,2026-04-08,8.214360283107473,6.709775431519116,-0.1803417492581305,0.7333333333333333,0.7333333333333333,-0.5056366742016967
target_next_20close,2026_partial,NALCO_LME_DXY,1449,45,2026-01-01,2026-04-08,7.687131137549269,6.2005280992691985,-0.033686523138218405,0.7333333333333333,0.7333333333333333,-0.026959711180940576
target_next_20close,2026_partial,NALCO_all_external,1449,45,2026-01-01,2026-04-08,7.721341253490775,6.158001924702449,-0.042907446338686706,0.7333333333333333,0.7333333333333333,-0.055511959841420405
target_next_20close,2025_onward_fixed,train_mean,1200,294,2025-01-01,2026-04-08,10.787266543034434,8.41692516271654,0.0,0.673469387755102,0.673469387755102,
target_next_20close,2025_onward_fixed,zero_return,1200,294,2025-01-01,2026-04-08,11.54571450491889,9.170293441075636,-0.14556255375927174,0.32653061224489793,0.673469387755102,
target_next_20close,2025_onward_fixed,NALCO_only,1200,294,2025-01-01,2026-04-08,10.831174645741722,8.47310972176824,-0.00815729610735394,0.673469387755102,0.673469387755102,0.0064581132715370165
target_next_20close,2025_onward_fixed,NALCO_LME_DXY,1200,294,2025-01-01,2026-04-08,11.499007755728917,9.101825111613145,-0.1363128398615101,0.6530612244897959,0.673469387755102,-0.34827560708751404
target_next_20close,2025_onward_fixed,NALCO_all_external,1200,294,2025-01-01,2026-04-08,11.409412967677984,9.037720759856741,-0.11867460678414798,0.6564625850340136,0.673469387755102,-0.2949646193775715
