portfolio_file,start,end,n,initial_value,final_value,return_pct,max_drawdown_pct,sharpe_zero_rf,benchmark_stock,buyhold_return_pct,buyhold_drawdown_pct
backtest_5pct_monthly_2025_2026\portfolio_daily.csv,2025-01-01,2026-04-08,314,500000.0,791005.4099999999,58.201081999999985,18.29324311388152,1.7448812361774946,NALCO,86.87133999999999,33.8624172773814
backtest_multi_stock\HINDALCO_10pct_portfolio.csv,2025-01-01,2026-04-08,292,500000.0,707693.5499999999,41.53870999999998,15.022315612165826,1.4689997799898429,HINDALCO,60.502109999999966,20.414382646881457
backtest_multi_stock\HINDALCO_5pct_portfolio.csv,2025-01-01,2026-04-08,292,500000.0,554692.8500000002,10.938570000000048,17.909335088054835,0.5831500996592232,HINDALCO,60.502109999999966,20.414382646881457
backtest_multi_stock\NALCO_10pct_portfolio.csv,2025-01-01,2026-04-08,314,500000.0,526442.21,5.288441999999982,31.96703242749137,0.2889388961683162,NALCO,86.87133999999999,33.8624172773814
backtest_multi_stock\NALCO_5pct_portfolio.csv,2025-01-01,2026-04-08,314,500000.0,563187.65,12.637530000000009,28.577152172438403,0.48878802249488196,NALCO,86.87133999999999,33.8624172773814
backtest_multi_stock\VEDANTA_10pct_portfolio.csv,2025-01-01,2026-04-08,314,500000.0,584850.6500000003,16.97013000000005,15.677496489600806,0.6794925139709392,VEDANTA,62.25836,21.53404210632499
backtest_multi_stock\VEDANTA_5pct_portfolio.csv,2025-01-01,2026-04-08,314,500000.0,693239.2000000003,38.64784000000006,15.683417550054557,1.3685293314209797,VEDANTA,62.25836,21.53404210632499
backtest_results\portfolio_no_reinvest.csv,2025-01-09,2026-04-08,308,50000.0,81516.09,63.03218,18.527054277737598,1.96894156867643,NALCO,100.44,31.86766376372586
backtest_results\portfolio_reinvest.csv,2025-01-09,2026-04-08,308,50000.0,91270.09999999998,82.54019999999996,22.16175145765301,2.098814009211704,NALCO,100.44,31.86766376372586
backtest_results_full_2020_2026\portfolio_no_reinvest.csv,2020-01-28,2026-04-08,1537,50000.0,117771.45,135.5429,38.181699999999985,0.7042460081950287,NALCO,790.7864999999999,48.375822212148876
backtest_results_full_2020_2026\portfolio_reinvest.csv,2020-01-28,2026-04-08,1537,50000.0,160546.5499999999,221.09309999999982,44.75432601789661,0.7664669062366251,NALCO,790.7864999999999,48.375822212148876
rl_intraday_short\results\portfolio_daily.csv,2025-01-01,2026-04-08,314,50000.0,51645.54999999996,3.2910999999999246,25.801649722607788,0.2297669987861445,NALCO,86.68532,33.79071534491235
shuffle stocks\shuffle_10pct_portfolio.csv,2025-01-01,2026-04-08,292,500000.0,683356.0999999999,36.671219999999984,25.805068230124885,1.1296505268899277,,,
shuffle stocks\shuffle_5pct_portfolio.csv,2025-01-01,2026-04-08,292,500000.0,689782.0999999997,37.956419999999945,18.292605253974614,1.1845037105730991,,,
