entry_date,exit_date,entry_price,exit_price,same_calendar_date,profit
2025-08-13,2025-08-14,189.94,187.58,False,597.08
2025-09-08,2025-09-09,210.56,206.62,False,910.14
2025-10-27,2025-10-28,237.87,236.76,False,230.88
2025-11-14,2025-11-17,262.57,260.76,False,343.9
2025-12-05,2025-12-08,273.15,268.35,False,892.8
2026-01-01,2026-01-02,314.6,330.3,False,-2700.4
2026-01-05,2026-01-06,330.8,346.7,False,-2464.5
2026-01-09,2026-01-12,348.05,350.05,False,-280.0
2026-01-14,2026-01-16,373.55,361.6,False,1553.5
2026-01-19,2026-01-20,368.65,358.95,False,1319.2
