year,driver,n,corr
2020,HINDALCO,250,0.6125935540100393
2021,HINDALCO,248,0.7297788606704356
2022,HINDALCO,248,0.8094574105212372
2023,HINDALCO,246,0.6363133217326483
2024,HINDALCO,249,0.6070981529070396
2025,HINDALCO,249,0.6773497051956897
2026,HINDALCO,63,0.8054576714507624
2020,VEDANTA,250,0.5529167466761908
2021,VEDANTA,248,0.6412887213717146
2022,VEDANTA,248,0.708688276127144
2023,VEDANTA,246,0.4627391261323604
2024,VEDANTA,249,0.6110266510119123
2025,VEDANTA,249,0.7273638767219237
2026,VEDANTA,65,0.7466915122547921
2020,LME,244,0.18466964852542417
2021,LME,241,0.2886930137078878
2022,LME,240,0.3136938937910796
2023,LME,239,0.27150365872987214
2024,LME,240,0.15402867429040468
2025,LME,242,0.19119957382149674
2026,LME,62,0.4408435269712504
2020,DXY,249,0.02499378750638132
2021,DXY,247,-0.1385922148758879
2022,DXY,247,-0.15401421126508733
2023,DXY,244,-0.03788553426809989
2024,DXY,245,0.06694967938344726
2025,DXY,247,-0.055055439566005504
2026,DXY,63,-0.029986664122725246
2020,HONGQIAO,239,0.14101792050096487
2021,HONGQIAO,235,0.2819581384167596
2022,HONGQIAO,235,0.39470647726862407
2023,HONGQIAO,232,0.23737868266492446
2024,HONGQIAO,233,0.19101994868676106
2025,HONGQIAO,237,0.46769530544838556
2026,HONGQIAO,58,0.6866281747654098
2020,CHALCO,239,0.21790317657499894
2021,CHALCO,235,0.3690513840670367
2022,CHALCO,235,0.4526347189667284
2023,CHALCO,232,0.34240268145529296
2024,CHALCO,233,0.21100553884520432
2025,CHALCO,237,0.4847572939775732
2026,CHALCO,58,0.6059306912433795
