date,equity,cash,asset,shares
2024-12-31,500000.0,500000.0,CASH,0
2025-01-01,505981.47852854995,25045.49852854997,NALCO,2246
2025-01-02,506987.14176125,506987.14176125,CASH,0
2025-01-03,487284.78989074996,25524.789890749962,NALCO,2220
2025-01-06,469702.38989075,25524.789890749962,NALCO,2220
2025-01-07,472161.85184465005,472161.85184465005,CASH,0
2025-01-08,472161.85184465005,472161.85184465005,CASH,0
2025-01-09,472161.85184465005,472161.85184465005,CASH,0
2025-01-10,472161.85184465005,472161.85184465005,CASH,0
2025-01-13,456467.5077962751,23643.107796275115,NALCO,2259
2025-01-14,458051.5441116801,458051.5441116801,CASH,0
2025-01-15,458051.5441116801,458051.5441116801,CASH,0
2025-01-16,458781.9289056801,22987.708905680105,NALCO,2194
2025-01-17,454579.5051156501,454579.5051156501,CASH,0
2025-01-20,454579.5051156501,454579.5051156501,CASH,0
2025-01-21,454579.5051156501,454579.5051156501,CASH,0
2025-01-22,454579.5051156501,454579.5051156501,CASH,0
2025-01-23,454579.5051156501,454579.5051156501,CASH,0
2025-01-24,454579.5051156501,454579.5051156501,CASH,0
2025-01-27,454579.5051156501,454579.5051156501,CASH,0
2025-01-28,454579.5051156501,454579.5051156501,CASH,0
2025-01-29,454579.5051156501,454579.5051156501,CASH,0
2025-01-30,454579.5051156501,454579.5051156501,CASH,0
2025-01-31,454579.5051156501,454579.5051156501,CASH,0
2025-02-01,454579.5051156501,454579.5051156501,CASH,0
2025-02-03,454579.5051156501,454579.5051156501,CASH,0
2025-02-04,454579.5051156501,454579.5051156501,CASH,0
2025-02-05,454579.5051156501,454579.5051156501,CASH,0
2025-02-06,454579.5051156501,454579.5051156501,CASH,0
2025-02-07,461568.85559765017,22896.73559765017,NALCO,2188
2025-02-10,460911.06675371015,460911.06675371015,CASH,0
2025-02-11,460911.06675371015,460911.06675371015,CASH,0
2025-02-12,473869.73042111023,23190.050421110238,NALCO,2376
2025-02-13,474380.1548349503,474380.1548349503,CASH,0
2025-02-14,474380.1548349503,474380.1548349503,CASH,0
2025-02-17,474380.1548349503,474380.1548349503,CASH,0
2025-02-18,474380.1548349503,474380.1548349503,CASH,0
2025-02-19,474380.1548349503,474380.1548349503,CASH,0
2025-02-20,474380.1548349503,474380.1548349503,CASH,0
2025-02-21,474380.1548349503,474380.1548349503,CASH,0
2025-02-24,474380.1548349503,474380.1548349503,CASH,0
2025-02-25,474380.1548349503,474380.1548349503,CASH,0
2025-02-27,474380.1548349503,474380.1548349503,CASH,0
2025-02-28,474380.1548349503,474380.1548349503,CASH,0
2025-03-03,476607.7132560703,23827.353256070288,NALCO,2524
2025-03-04,469149.39005147025,469149.39005147025,CASH,0
2025-03-05,469149.39005147025,469149.39005147025,CASH,0
2025-03-06,470312.30161947024,23617.871619470243,NALCO,2317
2025-03-07,469573.0775519302,469573.0775519302,CASH,0
2025-03-10,452816.6879529603,23526.847952960292,NALCO,2282
2025-03-11,445063.80403796025,445063.80403796025,CASH,0
2025-03-12,445063.80403796025,445063.80403796025,CASH,0
2025-03-13,445063.80403796025,445063.80403796025,CASH,0
2025-03-17,445063.80403796025,445063.80403796025,CASH,0
2025-03-18,448385.3409539602,22262.3409539602,NALCO,2260
2025-03-19,453049.4056709602,453049.4056709602,CASH,0
2025-03-20,458742.42122776015,22718.261227760173,NALCO,2288
2025-03-21,457357.5408737602,457357.5408737602,CASH,0
2025-03-24,456335.9904025603,22964.31040256028,NALCO,2317
2025-03-25,457907.1342005603,457907.1342005603,CASH,0
2025-03-26,457907.1342005603,457907.1342005603,CASH,0
2025-03-27,457907.1342005603,457907.1342005603,CASH,0
2025-03-28,457907.1342005603,457907.1342005603,CASH,0
2025-04-01,457975.17202556034,22905.392025560373,NALCO,2482
2025-04-02,455294.6120255604,22905.392025560373,NALCO,2482
2025-04-03,451447.51202556037,22905.392025560373,NALCO,2482
2025-04-04,414316.79202556034,22905.392025560373,NALCO,2482
2025-04-07,377299.1804885604,377299.1804885604,CASH,0
2025-04-08,377299.1804885604,377299.1804885604,CASH,0
2025-04-09,377299.1804885604,377299.1804885604,CASH,0
2025-04-11,361734.33136181044,19008.871361810423,NALCO,2393
2025-04-15,364780.6379623255,364780.6379623255,CASH,0
2025-04-16,364780.6379623255,364780.6379623255,CASH,0
2025-04-17,364780.6379623255,364780.6379623255,CASH,0
2025-04-21,364780.6379623255,364780.6379623255,CASH,0
2025-04-22,364780.6379623255,364780.6379623255,CASH,0
2025-04-23,364780.6379623255,364780.6379623255,CASH,0
2025-04-24,365396.8254958255,18328.56549582549,NALCO,2142
2025-04-25,353551.5654958255,18328.56549582549,NALCO,2142
2025-04-28,354118.2926428255,354118.2926428255,CASH,0
2025-04-29,354118.2926428255,354118.2926428255,CASH,0
2025-04-30,354118.2926428255,354118.2926428255,CASH,0
2025-05-02,354118.2926428255,354118.2926428255,CASH,0
2025-05-05,354118.2926428255,354118.2926428255,CASH,0
2025-05-06,354118.2926428255,354118.2926428255,CASH,0
2025-05-07,354118.2926428255,354118.2926428255,CASH,0
2025-05-08,354118.2926428255,354118.2926428255,CASH,0
2025-05-09,366602.54873082554,17790.388730825507,NALCO,2224
2025-05-12,378404.19626850553,378404.19626850553,CASH,0
2025-05-13,378404.19626850553,378404.19626850553,CASH,0
2025-05-14,378404.19626850553,378404.19626850553,CASH,0
2025-05-15,378404.19626850553,378404.19626850553,CASH,0
2025-05-16,378404.19626850553,378404.19626850553,CASH,0
2025-05-19,378404.19626850553,378404.19626850553,CASH,0
2025-05-20,378404.19626850553,378404.19626850553,CASH,0
2025-05-21,378404.19626850553,378404.19626850553,CASH,0
2025-05-22,378404.19626850553,378404.19626850553,CASH,0
2025-05-23,378404.19626850553,378404.19626850553,CASH,0
2025-05-26,378404.19626850553,378404.19626850553,CASH,0
2025-05-27,378404.19626850553,378404.19626850553,CASH,0
2025-05-28,378404.19626850553,378404.19626850553,CASH,0
2025-05-29,378404.19626850553,378404.19626850553,CASH,0
2025-05-30,378404.19626850553,378404.19626850553,CASH,0
2025-06-02,378404.19626850553,378404.19626850553,CASH,0
2025-06-03,378404.19626850553,378404.19626850553,CASH,0
2025-06-04,378404.19626850553,378404.19626850553,CASH,0
2025-06-05,377178.2353080056,18944.635308005556,NALCO,1964
2025-06-06,389099.7153080056,18944.635308005556,NALCO,1964
2025-06-09,391741.18738620554,391741.18738620554,CASH,0
2025-06-10,391741.18738620554,391741.18738620554,CASH,0
2025-06-11,391741.18738620554,391741.18738620554,CASH,0
2025-06-12,391741.18738620554,391741.18738620554,CASH,0
2025-06-13,396624.16664120555,19693.766641205526,NALCO,2030
2025-06-16,401394.66664120555,19693.766641205526,NALCO,2030
2025-06-17,400822.3061416556,400822.3061416556,CASH,0
2025-06-18,400822.3061416556,400822.3061416556,CASH,0
2025-06-19,400822.3061416556,400822.3061416556,CASH,0
2025-06-20,400822.3061416556,400822.3061416556,CASH,0
2025-06-23,400822.3061416556,400822.3061416556,CASH,0
2025-06-24,400822.3061416556,400822.3061416556,CASH,0
2025-06-25,400822.3061416556,400822.3061416556,CASH,0
2025-06-26,400822.3061416556,400822.3061416556,CASH,0
2025-06-27,400822.3061416556,400822.3061416556,CASH,0
2025-06-30,400822.3061416556,400822.3061416556,CASH,0
2025-07-01,400822.3061416556,400822.3061416556,CASH,0
2025-07-02,400822.3061416556,400822.3061416556,CASH,0
2025-07-03,400822.3061416556,400822.3061416556,CASH,0
2025-07-04,400822.3061416556,400822.3061416556,CASH,0
2025-07-07,393440.67606165557,20091.87606165558,NALCO,1980
2025-07-08,393730.96286175563,393730.96286175563,CASH,0
2025-07-09,386187.98032312567,19873.570323125692,NALCO,1967
2025-07-10,391538.22032312566,19873.570323125692,NALCO,1967
2025-07-11,389802.4788903507,389802.4788903507,CASH,0
2025-07-14,389802.4788903507,389802.4788903507,CASH,0
2025-07-15,389802.4788903507,389802.4788903507,CASH,0
2025-07-16,389802.4788903507,389802.4788903507,CASH,0
2025-07-17,389802.4788903507,389802.4788903507,CASH,0
2025-07-18,389802.4788903507,389802.4788903507,CASH,0
2025-07-21,389802.4788903507,389802.4788903507,CASH,0
2025-07-22,389802.4788903507,389802.4788903507,CASH,0
2025-07-23,389802.4788903507,389802.4788903507,CASH,0
2025-07-24,389802.4788903507,389802.4788903507,CASH,0
2025-07-25,380435.9032350658,19647.323235065793,NALCO,1863
2025-07-28,369332.42323506577,19647.323235065793,NALCO,1863
2025-07-29,368436.0291413158,368436.0291413158,CASH,0
2025-07-30,368436.0291413158,368436.0291413158,CASH,0
2025-07-31,368436.0291413158,368436.0291413158,CASH,0
2025-08-01,362485.2356017158,18432.435601715813,NALCO,1904
2025-08-04,374746.9956017158,18432.435601715813,NALCO,1904
2025-08-05,373946.54162571585,373946.54162571585,CASH,0
2025-08-06,373946.54162571585,373946.54162571585,CASH,0
2025-08-07,376334.68287189584,18826.842871895875,NALCO,1884
2025-08-08,371907.2828718959,18826.842871895875,NALCO,1884
2025-08-11,373240.20194469584,373240.20194469584,CASH,0
2025-08-12,371668.5203164759,18772.68031647586,NALCO,1892
2025-08-13,378139.16031647584,18772.68031647586,NALCO,1892
2025-08-14,377600.29027971585,377600.29027971585,CASH,0
2025-08-18,377600.29027971585,377600.29027971585,CASH,0
2025-08-19,377600.29027971585,377600.29027971585,CASH,0
2025-08-20,377600.29027971585,377600.29027971585,CASH,0
2025-08-21,375665.70243678585,18957.092436785868,NALCO,1863
2025-08-22,374442.5414964358,374442.5414964358,CASH,0
2025-08-25,374442.5414964358,374442.5414964358,CASH,0
2025-08-26,374442.5414964358,374442.5414964358,CASH,0
2025-08-28,374442.5414964358,374442.5414964358,CASH,0
2025-08-29,374442.5414964358,374442.5414964358,CASH,0
2025-09-01,381454.75923153583,18779.86923153582,NALCO,1891
2025-09-02,381307.4427675358,381307.4427675358,CASH,0
2025-09-03,381307.4427675358,381307.4427675358,CASH,0
2025-09-04,381307.4427675358,381307.4427675358,CASH,0
2025-09-05,381307.4427675358,381307.4427675358,CASH,0
2025-09-08,381307.4427675358,381307.4427675358,CASH,0
2025-09-09,373914.0059038508,19147.465903850796,NALCO,1717
2025-09-10,378223.6759038508,19147.465903850796,NALCO,1717
2025-09-11,387272.2659038508,19147.465903850796,NALCO,1717
2025-09-12,388091.8030530508,388091.8030530508,CASH,0
2025-09-15,383594.0649950208,19603.65499502083,NALCO,1679
2025-09-16,383400.32266652083,383400.32266652083,CASH,0
2025-09-17,383400.32266652083,383400.32266652083,CASH,0
2025-09-18,383400.32266652083,383400.32266652083,CASH,0
2025-09-19,383400.32266652083,383400.32266652083,CASH,0
2025-09-22,383400.32266652083,383400.32266652083,CASH,0
2025-09-23,383400.32266652083,383400.32266652083,CASH,0
2025-09-24,383400.32266652083,383400.32266652083,CASH,0
2025-09-25,383400.32266652083,383400.32266652083,CASH,0
2025-09-26,383400.32266652083,383400.32266652083,CASH,0
2025-09-29,383400.32266652083,383400.32266652083,CASH,0
2025-09-30,383400.32266652083,383400.32266652083,CASH,0
2025-10-01,383400.32266652083,383400.32266652083,CASH,0
2025-10-03,383400.32266652083,383400.32266652083,CASH,0
2025-10-06,374833.5971435958,19359.047143595817,NALCO,1637
2025-10-07,375526.47204474587,375526.47204474587,CASH,0
2025-10-08,383919.3028343459,18971.462834345875,NALCO,1632
2025-10-09,386272.6675607459,386272.6675607459,CASH,0
2025-10-10,386272.6675607459,386272.6675607459,CASH,0
2025-10-13,389633.2408662459,19333.90086624591,NALCO,1643
2025-10-14,391899.6994788959,391899.6994788959,CASH,0
2025-10-15,391899.6994788959,391899.6994788959,CASH,0
2025-10-16,391080.19517939596,19743.115179395943,NALCO,1637
2025-10-17,388641.06517939596,19743.115179395943,NALCO,1637
2025-10-20,388202.32087566593,388202.32087566593,CASH,0
2025-10-21,388202.32087566593,388202.32087566593,CASH,0
2025-10-23,388202.32087566593,388202.32087566593,CASH,0
2025-10-24,388202.32087566593,388202.32087566593,CASH,0
2025-10-27,388202.32087566593,388202.32087566593,CASH,0
2025-10-28,388202.32087566593,388202.32087566593,CASH,0
2025-10-29,388202.32087566593,388202.32087566593,CASH,0
2025-10-30,388202.32087566593,388202.32087566593,CASH,0
2025-10-31,388202.32087566593,388202.32087566593,CASH,0
2025-11-03,390228.0253451659,19589.04534516594,NALCO,1553
2025-11-04,388648.80915216595,388648.80915216595,CASH,0
2025-11-06,388648.80915216595,388648.80915216595,CASH,0
2025-11-07,388648.80915216595,388648.80915216595,CASH,0
2025-11-10,388648.80915216595,388648.80915216595,CASH,0
2025-11-11,399034.46894016606,19671.98894016602,NALCO,1428
2025-11-12,400876.588940166,19671.98894016602,NALCO,1428
2025-11-13,403332.748940166,19671.98894016602,NALCO,1428
2025-11-14,394621.948940166,19671.98894016602,NALCO,1428
2025-11-17,392037.268940166,19671.98894016602,NALCO,1428
2025-11-18,388969.395866166,388969.395866166,CASH,0
2025-11-19,388969.395866166,388969.395866166,CASH,0
2025-11-20,388969.395866166,388969.395866166,CASH,0
2025-11-21,388969.395866166,388969.395866166,CASH,0
2025-11-24,389004.530215736,19695.270215736004,NALCO,1471
2025-11-25,389831.417561736,389831.417561736,CASH,0
2025-11-26,389831.417561736,389831.417561736,CASH,0
2025-11-27,389831.417561736,389831.417561736,CASH,0
2025-11-28,389831.417561736,389831.417561736,CASH,0
2025-12-01,388856.62269173603,19536.622691736033,NALCO,1400
2025-12-02,391378.20889173605,391378.20889173605,CASH,0
2025-12-03,391798.638163336,19764.63816333603,NALCO,1396
2025-12-04,395637.638163336,19764.63816333603,NALCO,1396
2025-12-05,401082.038163336,19764.63816333603,NALCO,1396
2025-12-08,401555.682745536,401555.682745536,CASH,0
2025-12-09,401555.682745536,401555.682745536,CASH,0
2025-12-10,401555.682745536,401555.682745536,CASH,0
2025-12-11,401555.682745536,401555.682745536,CASH,0
2025-12-12,401555.682745536,401555.682745536,CASH,0
2025-12-15,401555.682745536,401555.682745536,CASH,0
2025-12-16,401555.682745536,401555.682745536,CASH,0
2025-12-17,401555.682745536,401555.682745536,CASH,0
2025-12-18,401555.682745536,401555.682745536,CASH,0
2025-12-19,401555.682745536,401555.682745536,CASH,0
2025-12-22,401555.682745536,401555.682745536,CASH,0
2025-12-23,401555.682745536,401555.682745536,CASH,0
2025-12-24,401555.682745536,401555.682745536,CASH,0
2025-12-26,401555.682745536,401555.682745536,CASH,0
2025-12-29,401555.682745536,401555.682745536,CASH,0
2025-12-30,401555.682745536,401555.682745536,CASH,0
2025-12-31,401555.682745536,401555.682745536,CASH,0
2026-01-01,399897.97959128604,20175.77959128603,NALCO,1207
2026-01-02,418847.87959128607,20175.77959128603,NALCO,1207
2026-01-05,420298.893953286,420298.893953286,CASH,0
2026-01-06,420298.893953286,420298.893953286,CASH,0
2026-01-07,420298.893953286,420298.893953286,CASH,0
2026-01-08,420298.893953286,420298.893953286,CASH,0
2026-01-09,440426.683241161,21026.433241160994,NALCO,1205
2026-01-12,444550.40532116103,444550.40532116103,CASH,0
2026-01-13,444550.40532116103,444550.40532116103,CASH,0
2026-01-14,444550.40532116103,444550.40532116103,CASH,0
2026-01-16,444550.40532116103,444550.40532116103,CASH,0
2026-01-19,444550.40532116103,444550.40532116103,CASH,0
2026-01-20,444550.40532116103,444550.40532116103,CASH,0
2026-01-21,444550.40532116103,444550.40532116103,CASH,0
2026-01-22,444550.40532116103,444550.40532116103,CASH,0
2026-01-23,444550.40532116103,444550.40532116103,CASH,0
2026-01-27,444550.40532116103,444550.40532116103,CASH,0
2026-01-28,444550.40532116103,444550.40532116103,CASH,0
2026-01-29,444550.40532116103,444550.40532116103,CASH,0
2026-01-30,444550.40532116103,444550.40532116103,CASH,0
2026-02-01,445350.77158016106,22435.971580161073,NALCO,1194
2026-02-02,436251.9226988611,436251.9226988611,CASH,0
2026-02-03,436251.9226988611,436251.9226988611,CASH,0
2026-02-04,436251.9226988611,436251.9226988611,CASH,0
2026-02-05,436251.9226988611,436251.9226988611,CASH,0
2026-02-06,436251.9226988611,436251.9226988611,CASH,0
2026-02-09,436251.9226988611,436251.9226988611,CASH,0
2026-02-10,436251.9226988611,436251.9226988611,CASH,0
2026-02-11,436251.9226988611,436251.9226988611,CASH,0
2026-02-12,436251.9226988611,436251.9226988611,CASH,0
2026-02-13,436251.9226988611,436251.9226988611,CASH,0
2026-02-16,436251.9226988611,436251.9226988611,CASH,0
2026-02-17,431247.4490766112,21886.599076611164,NALCO,1201
2026-02-18,435090.64907661115,21886.599076611164,NALCO,1201
2026-02-19,430346.6990766112,21886.599076611164,NALCO,1201
2026-02-20,431667.7990766112,21886.599076611164,NALCO,1201
2026-02-23,428965.5490766112,21886.599076611164,NALCO,1201
2026-02-24,433829.59907661116,21886.599076611164,NALCO,1201
2026-02-25,454006.39907661115,21886.599076611164,NALCO,1201
2026-02-26,457915.39201841125,457915.39201841125,CASH,0
2026-02-27,457915.39201841125,457915.39201841125,CASH,0
2026-03-02,457915.39201841125,457915.39201841125,CASH,0
2026-03-04,457915.39201841125,457915.39201841125,CASH,0
2026-03-05,479094.1188664112,22959.718866411247,NALCO,1152
2026-03-06,473866.56865841127,473866.56865841127,CASH,0
2026-03-09,473866.56865841127,473866.56865841127,CASH,0
2026-03-10,471752.42401841126,23912.424018411257,NALCO,1152
2026-03-11,474819.2738104113,474819.2738104113,CASH,0
2026-03-12,474819.2738104113,474819.2738104113,CASH,0
2026-03-13,474819.2738104113,474819.2738104113,CASH,0
2026-03-16,474819.2738104113,474819.2738104113,CASH,0
2026-03-17,497066.4907744113,24071.940774411312,NALCO,1197
2026-03-18,492592.33938641136,492592.33938641136,CASH,0
2026-03-19,492592.33938641136,492592.33938641136,CASH,0
2026-03-20,492592.33938641136,492592.33938641136,CASH,0
2026-03-23,492592.33938641136,492592.33938641136,CASH,0
2026-03-24,492592.33938641136,492592.33938641136,CASH,0
2026-03-25,492592.33938641136,492592.33938641136,CASH,0
2026-03-27,492592.33938641136,492592.33938641136,CASH,0
2026-03-30,492592.33938641136,492592.33938641136,CASH,0
2026-04-01,495425.57872736134,24873.478727361362,NALCO,1178
2026-04-02,490603.16829191137,490603.16829191137,CASH,0
2026-04-06,496789.58834276145,24907.138342761435,NALCO,1157
2026-04-07,501301.88834276143,24907.138342761435,NALCO,1157
2026-04-08,487186.4595045364,487186.4595045364,CASH,0
