month,start_equity,end_equity,last_observed_session,return_pct,partial,month_end_target_met
2025-01,500000.0,454579.5051156501,2025-01-31,-9.08409897686997,False,False
2025-02,454579.5051156501,474380.1548349503,2025-02-28,4.355816638557575,False,False
2025-03,474380.1548349503,457907.1342005603,2025-03-28,-3.4725357851703165,False,False
2025-04,457907.1342005603,354118.2926428255,2025-04-30,-22.665914943416443,False,False
2025-05,354118.2926428255,378404.19626850553,2025-05-30,6.858133039225822,False,True
2025-06,378404.19626850553,400822.3061416556,2025-06-30,5.9243819424356525,False,True
2025-07,400822.3061416556,368436.0291413158,2025-07-31,-8.079958750822147,False,False
2025-08,368436.0291413158,374442.5414964358,2025-08-29,1.6302727963708907,False,False
2025-09,374442.5414964358,383400.32266652083,2025-09-30,2.392297930220688,False,False
2025-10,383400.32266652083,388202.32087566593,2025-10-31,1.2524763087697899,False,False
2025-11,388202.32087566593,389831.417561736,2025-11-28,0.419651454529002,False,False
2025-12,389831.417561736,401555.682745536,2025-12-31,3.0075218814151317,False,False
2026-01,401555.682745536,444550.40532116103,2026-01-30,10.707038755287801,False,True
2026-02,444550.40532116103,457915.39201841125,2026-02-27,3.006405243876631,False,False
2026-03,457915.39201841125,492592.33938641136,2026-03-30,7.572784835895163,False,True
2026-04,492592.33938641136,487186.4595045364,2026-04-08,-1.0974348258457889,True,False
