driver,frequency,n,start,end,return_correlation
LME,daily_shared_endpoints,1485,2020-02-05,2026-04-08,0.24828294298110723
LME,weekly,321,2020-02-14,2026-04-03,0.4203922736386594
LME,monthly,73,2020-03-31,2026-03-31,0.6136132882824715
DXY,daily_shared_endpoints,1518,2020-02-05,2026-04-08,-0.05163594802546585
DXY,weekly,321,2020-02-14,2026-04-03,-0.13778703327932093
DXY,monthly,73,2020-03-31,2026-03-31,-0.29244645656246393
HONGQIAO,daily_shared_endpoints,1448,2020-02-05,2026-04-08,0.2974412980449786
HONGQIAO,weekly,321,2020-02-14,2026-04-03,0.34887793264151207
HONGQIAO,monthly,73,2020-03-31,2026-03-31,0.3319428232581942
CHALCO,daily_shared_endpoints,1448,2020-02-05,2026-04-08,0.3546185975586747
CHALCO,weekly,321,2020-02-14,2026-04-03,0.4784912066478347
CHALCO,monthly,73,2020-03-31,2026-03-31,0.504592500953594
